SeqID	MCC	F1_Score	Num_interval	Len_interval	d1	d2	d3	d4	Bonus_Energy	Len_seq	Sequence
1	0.27311888337135315	0.27411168813705444	20	4	2	2	2	2	0	300	AUGGGAUAAUUCUAGUUGAGAGGAGUUAUCCUUAGGGCCUUAGCCACUACUCGACCUACGACUCAGUUGCUGAAAAUCCAACUAGGCUAAUAGUACAUUUAAACUUUGUAUUUGGCAUAACCGAGGGUGACCUGGGGACAUGACCAGUCCGAGCUUUAUGGGUAACAAGCCCUUUAAUGCUAGCCCCUUUUGAGAGGCGGGAGCCCCAGAUAGGGCGUUUACUAAGGGGGCGGUGUUUCUUGCGCGAGAGUGGUGCUCAUCUAUUAUUACUAAGUCAAUCUGACUUAAGAUUCGUCGGGG
2	0.3120993673801422	0.31351351737976074	20	4	2	2	2	2	0	300	GAGGAGCAUCCCGGACCCCACCAGUGCGAUCGUCAGUGAUCCACUCCAAAAACAAAUGCAACUUCCGCAGUCCCUUAAUACGUCCCAUUUCUACGGCGAGGUCCAACCUUUACUCUGUGUCCGUCUAAUGGUUUGUGAUCGGUUAACUAUUGGGUGCCACCGACGGUGUUCUGCAUUAGCCGAGCACUGAGAAUUUAUCGAGCGACGCGGUUCGGGAAGUUAUCAAGCUCACCGAUAGCACGAAUAAGGGAUCGGCUCCUCGACCGCAAUGAUUGGUACGGGGUGCCUUGACACCUUUGA
3	0.7250412702560425	0.7253886461257935	20	4	2	2	2	2	0	300	AAAGCGGCCAUACCUCAGUUCGCACACGGGGCGAGAGCCGCUUGGGCCCAUUCGAACUUGAAUUAGCUGAGAGACUCGGUGGAGAAUGAAGGCGCUAUAUCAGGUAAUGUCUUCGAGGGCUAACUCGCCUGUUGGUGGUGGUCACAGUCUUGAUAUGUUAUACAUACCAAAUUAGAUAAGACACUCCGCAAACUGUACUCAGUCACCACUUAAGACAUCGCCACGAUGCGUAUCAUCCCGUGAGAGUCAUCGACGACUGAUGCAGCGCCCGCAGGCCGUGCAAUUCUCGGUGGCGAUCCU
4	0.3455038070678711	0.3463687002658844	20	4	2	2	2	2	0	300	AGCAAAACGAGACGAAAUCUAAGGUAACAGAAUGGAGUAGCGCAGUAAAAAACUCACUUUGCUUCCUGCUUAUUCUAGGAGAUAUAUAGGGUACAUGCAGUUUUCAUCACCGUAGGGGCAGAGGGACAGACAGCAGAAACUACGGGCCGGUAUCGGGUCGAAACCCGUGGACAGCCUUGUCUAAACAUUUCUGGCUCUUUAGGUGAUGGACAUAUAUCGCUACGAACGGUUUCAAUCCAGGGCGGAUAAUUACUUACUUAGCUAGGAAGAAGUGCGCCGCUGUGAGACUACAUUCUGGCU
5	0.592281699180603	0.5930232405662537	20	4	2	2	2	2	0	300	UCUAUCUAUGAGACUAACACACAUGUCCGGCUCAAGGGUCAGUGUUCACAAUAGGCACAGUUUCGAGCCGCGACCAACACCGAUACCAUCAGGUCGUCACCCAGACCCGACAGAUCACAGGGCCCAGUGUGUAAGCCUCUCAGUGACGUCCCGCUAGCUACCAUGUUUUACCUAUUACGCAGCAGGACCGGUGGCUAACGAAGCUGUCUUACGUACAAAUCAGGGCCCUGCAUUAACUGCCGGCGUUCAGCGCGUCGCUCUAGUAUAGUACGGUGCAAAGGUACAGCGCCGAGGUUAAUC
6	0.07551290094852448	0.07734806835651398	20	4	2	2	2	2	0	300	UUCCGCUCCGUGUUAUCUUUGAGAUAACAUUCCCUUGCUGGCGAUCCUCUCUAGAGAGUGCGUGGAGACCUCACACGCAAGGUAAGCGCAUGGAGACGUGUUUCUAUGCUGAGGCGAGUUUCCUAGUCAGUUCAACCCCCCAUGGAACGAUAGCCAUGUUUCGCGAAGGUAGUGUAUAGCGGUUGGAAUGACCUGAGGUCAGCGUGGCUAAGGAGACAAAGAGUUCUUGGCACAGGUGCUUGAGACGCAUUCCAUAGCCCCAUAAGUAUCACCCUAGUAUAUUGAUAGGCGGUGAGCCGA
7	0.11604631692171097	0.11764705926179886	20	4	2	2	2	2	0	300	ACCGUAUGGAGCGACUCGGUAGCCAGGGUCUGCUUCAGUGCGGUGAAAAGUAGGUGUCGGUUUACAAGAAGUGACUGGUCUGAAAAUAGAUACAAAUAUGCGGGUGGCGCUGGUUACUACAAAUUCUCUCAGGUGUAUAAACUCCGGCGAGACCACAGAGGUGCGUGUGGUGGGGUUCCGAGGGUAGCACACAAACAGCCUCGCCAAAAUCGGGGAUUCAAGUCUAAAAUGUAAGCGCAAUGGACGCGGGAUCGGAGUCGUGACCAUUUGCAGUGUAUAUACCUUAUCCUGGGUAACAGC
8	0.47202348709106445	0.47311827540397644	20	4	2	2	2	2	0	300	GAUUAUAAUAAAGGCCCUGAGUGCCGGCGGCCUAUUUCUGGGUUUUGCGGAAAAUUGGAAGAUUAUCGAGCAACUACUAAGGUCGAGCCACUUCAGCGUCACGAGCAUUUAGUCUUAGGAGGGCCAGUGCCUCUAGCUAGCCCACUGUAAGUCUUGUCUGAUAAGUAUCAUUCUGCGAAUGAUGGUUUACGCAUAGCUUUCUAGAGUAGUCACACGACGUAGGCCUAAAAACCGGGGGACUGAAUUACUAUCGAUGUAUUAACUCUGUCCGCAGUACUGACUCUUAAUUACCUCCAAUGU
9	0.5498881340026855	0.5499999523162842	20	4	2	2	2	2	0	300	ACCUGUAACGGACCACAGUCACAGCGGCGCUGCACACGUUGUAUAUUUGGUAAAUCGAAUAUAGAGGAGCGACGUCUAUAAAGCUUAUGAUUUAUUAUAAUCAUUUGCGGCCCUCUCGUCCGUCUCCUGACAAGGCCCUUAUUGCUCUCUAACGUAAACAUGCGGCCGGCCUGAAGAGGAUUAAUCUGUGAUCAACCACUGGACGCGACCGCAGGCUGCAUGAGAGCCUACUCCCUCAAGAGACGUGCAUACACAGCGUCCUGUACCGUUACUCGCUCCGCUGAUAUGCUACUCUUUACA
10	0.12459542602300644	0.125	19	4	2	2	2	2	0	300	UCCCUAUUGAUACUCCGGUGGCUCGAUUCAUCUCGACUAGCAUCUCAGACGCCGACCUUGAAAGUAUGGCCAGAUAAUUUCCAAGCAUGGAUGUCUAACCCGGUUUUUUACACAGUUUCAGGCUCUCGAGCACCAUCCUCUUCAUACCAUUCCAACUUUCACCCCAUAUGGUCCACCACGCCAGCUGAUAUGGCGAGCGGAUAUUACUUUUGCCUGUAGGGCAUUGCCUGAUUUCAGCGCAUGUUUACUGGGAGCUAGGCGUGCAUUGUCGCGAGCGGACUUAACCUACUCAAUCUUCGC
11	0.6166477799415588	0.617142915725708	19	4	2	2	2	2	0	300	GUAUCAGGGUUUCGAUCUGCGUUGGAUCUCGGUGAACAAGCCACAGGCUACGAGAGGUUCAGCCCUCGGAGCGCCAAGCAAGUCUAUGAUCACUAAGUGCUGCGUGUGUGUAAAGACUCACUCCAAACCACGGCUCGCGGUCCGAUAAUACGCGUUCGACAAGUCCCAGGCACCAUUUAGUUGUCUAGAGCGAGCGGAAGUAAAACCUUUUCGGCCCCAGGAGUUAUGGCACCAUCCCAUAUACGUAAGAGUAUUAACCUCGCAGGGCACUAAGUCUCUGUCUUCACUGAGGCCAUGGCU
12	0.239622563123703	0.2408377230167389	20	4	2	2	2	2	0	300	CAACCAGGGAGAUUUUCAACUAGUCCGAUCUCCCCAGAUUCAGCACAGUGAUCACUAGGGUUACAAGAAUGUUAUGAUUUAUCUGUGUUGUGUACGAUGCUAAACACAAACCGACCGAUUGCGCGUGGUUGGUUCAGCGGUUAACCCACGUUGGGAUCAUCCUGAAAUAUGCACCCAUUCGCUUGACAAGCGUUAAAGUCGUCGUUCAAGACCCAACGACAGCCUAGCGCAUCUGGGCUGAAGCAACGUGCCUGGCUGCAUAGCCCACCAUCGGUAACAUCUCCGUAAUGUCGAGAGCUU
13	0.19850395619869232	0.20000000298023224	20	4	2	2	2	2	0	300	GCUCCGCGCGCCGCGAACAUGUGAUUAGCUCACUUUCAUUAGGUGCAAAACCUAGGUACGACUAAUAGGACUACUGAACGCUGUUAGCUCUCCCCGAUCGUUGCACAGUCGUCGGCCACAGUACGGUGGGAACGUCCUCGCGGGAGAGAUGGCUCGGGGACUGCGCGGUUCUCGCCGAUAAUUGGUGGAAUUUCACAUUACGAAGGGUCCCACACUUGGGCUGAGGGGCAGAAACAAUACGCAAGAUCUUCGGACACAAGCCAUAGUUGGGUGUUGAACUUGACCGUCCAGACUCCUGAC
14	0.36514538526535034	0.3664921820163727	20	4	2	2	2	2	0	300	AGGACAACAGAGGCUUGACCUUCUAGUAUUGUUCCGAAUGCCCCACAACAGUUCGGGACAACCAGUCUGAGCAUGCACGUAAUCUAAACACGCUCAUUAUAGUAUGACAGACUUCGCUAAGCUCUAAAAUUACCAGAAGAUGGCGAGUUUAGAUGCGCCGUCAUGGUGAAGUCAGGGACCAGCUUCGCCAAGGUACUACUACGAGAACAUGGUUCUGGAUCAAAGGUGGUUACAUGACGUUGAUACGCGGUACUUGUUUUGGACAGCUGUGAACUAGGGGUUCCAGAAACGAUUAUUGCG
15	0.36680787801742554	0.36781609058380127	20	4	2	2	2	2	0	300	AGAAAUCGGCAUUCACGUUAAAUGUAUCCGCGCCGCCUCGUCUAUUUAUCUAACAAGGCUUGUGGAAUGCUAUGAGGGAGCCACUGUUUUGGCCAGCAACCGCCUCAAAUUUGAGGCGGCAUCUCCUGUGUAUCAAUAUCCUCGAUCUACUCGAUAUUGGUGGAUUACCAAUAUUAAUAAUCCCAUUACCGCACCGUCCGAACAGUCAGGUUUCACUAGGUUCAUAGGGUGCUUUCACCGUCUGGACAACCAUCCAUCACAGUAUAGAUACCAUCUUUAUAAAGGAUGUGUUGAGCACGA
16	0.3185451626777649	0.3186813294887543	20	4	2	2	2	2	0	300	GACCUUAGGGUGCGCCACGAGUGCGUCUACGCGCCCCUGCGCUCUACACGAGUAUAACUUUUCUAAGAUACUACCCCUUAGUGGUCCUCGACACAGGCUUUGCAUGCGGUCGGGCACUAUUUCGGCGGCAAUGGUCCUAUUGGAUUAUGCAUUACAGCUCCAAAUAGUGCUAAACCGAAUAACUCAAUCAGGGCAUCGUCAGAUAGCCGGAGCUCAGAUUGAGCGAUUCUUCAAGAGGUGAAAUUAAGGAAUACCUAUAGGCGUGCUUUGGUCGUCCGGCUCUCGUAGUAUGUAGAAAGU
17	0.10825008153915405	0.10989011079072952	20	4	2	2	2	2	0	300	GGGUAGCGGUGAGAAAACUGUAAGCUAUCCAAGUCUAGCUGUUGAAAAUAUGCUCCUAAAAGCCACUAGUAUCAAAGCUUAGUUGUCCUUGUGGUCCGGGGCAUAAUUUAUUAGUUACUUGUUGUCGUCUGACAGCCAGGAGACCUAUCACGGGUAAUGUCUUUUUAUUUAUACCAGAAGGUCCCGUGGCGGUCAUUGGUGACGUUGUGUUAUGUAUAGGCCAUGAGGCGCGUCAUAAUGCUUUGUUUUCAUGGCUUUGUGGUAUUCCUCUCGCCCUGUGUACGCGGUUAAUAAAUUCCA
18	0.723649799823761	0.7241378426551819	20	4	2	2	2	2	0	300	AGCAGCGGCCGUCUUGUAGCGCAAUGAUCAACAAAAUCAUUUCACCUUGACAUGCUCACUGUCAUCGUCCUGUGUAGGAGGGACAAUUGAUAAAACGAGAGGAGGAGGCGACGCUCAGCGCUGAGACCAAAUGGAAGGUCGAUGAAGUGACAGAGGCUCCCUUAUGCACACUCUAAGCAUCGAGGAGCCGCGGGUUCAACCCGAUGUAAGUUCGUUACCGCCCCCGCGGUGUCCUCAAGUCCGAGAAGAACCCAUUCUAUGGAUUCAAAUACUAAAACCAAAGCAAGAGAGCAUUGCGAG
19	0.7258967161178589	0.7263157963752747	20	4	2	2	2	2	0	300	GCCGCACAAUCAUCGAAGGUGCGUCGGUCCGGAAUGGCACACGUAAUGCCCCCUCCUGCCCGGACCUAUAGGCUCUUGAGACCUGCAACGACACGUCAAGACAGCCCACCAAGUGAGGUCCGACGGGUGUAGGCGUCGAGUGCUAUGUCACGUGUAUAAGGCGCUGCCCUGAAACUAUAAAUGGUCCUAACGAUGCUAUGAGUCUAUCGGCGUAUUUUGAGUACAACAUACCAUCUGGGUCAUUAGCAGGCCGACGACAGAGAGAAAUCGGACCACGGAAGCUCAUCCUUAGACUAGGUG
20	0.6005406975746155	0.6000000238418579	20	4	2	2	2	2	0	300	GUGCUCGAAAUGACUGUCAGUGUACAUUGCGACCAUAUUUAAUACAUUAACGUCACACACUCUUAUCUCUAAUAGAAUAGCUAUCCGGUACCCCCCAGUGGGGCUGAUGCCUGUAACGGCCGCGUAGUGGCCGUGCAGGCAGUGGUCGAAAGGUUAAUUUCCCGAGAAAUCAGAACUACGUCCACAAGUAUUACUUGUCCCGCGGCCGCCACGACUGAUCGCAUUAGAGACAAGCAGCUCUCGGGACGUAAGCAGCCACCCGCGAGACCGACUGGAACCACAGCUUUCGAUUCCGAGAAA
21	0.38139525055885315	0.3825136721134186	20	4	2	2	2	2	0	300	ACUAAUUUGACGAUGCAUCGGUGACAUGUGAAUCGGUUAAGGUGUAGGGCUUCCCCAACCGAACUAAAGACAGACGGAAUAAGAGCAACGUAGGAUGGUCCGAAACGAUUAGGAAGUAGCGAUUAGCGUAUUAUUUUACAGUGGAGUAACUCGGGAAUCAGCCUGAUAAAGGCCCGAUCUCUGUUACUGGACUGCGAUAUCCAUGACAAACGCUAGUCCAAUUGGGGGAGCCGAGCACUGAUGACUGUGUUGAACAAUCCUGCGGCCCCAAUGUAAGCACCUUUGUACCAGCUAUUAGGG
22	0.33283933997154236	0.3333333432674408	20	4	2	2	2	2	0	300	AUCAGCGAGUGACCAUUCCUCAUUCUCAGGCCCGGUUAUCGAUGUCUAGAUGCUGGUUGGUUAAGAGGGCUGAGUAAUUGGGUCAACCGCCGGUUGAGCUGCGCCUAUGAAAUAGAUUCAGCUUAGCUGCGGGACAUGCAACGCUCCGCAAAUGGCUCGGGCCUCAUUAUCCCAGGGCGCCUACAGCUUAACUCAAACACGCGUUACAAUAACAAUCGCCCGGAUUGAUAAGCUGGAAUCCUUCUUCGGUCCUUACCCAGCGACUCUUUAACAUUAUAUUUCCCGUACGCCUGGCAACGA
23	0.6380518078804016	0.6387434005737305	20	4	2	2	2	2	0	300	CCCGUUGUCUUCGGACAUUACUUGCUCGGCACACUCACUAUUUGACCUACCCCUGUUCAUAUUGAACUGUAAACAGUAAGGGUUCUAUUUAUAUGGUUCAAAUAGCAAGGGUACGGCUCAUGUCCGGAGAUCACGCCACUAUGUUAAGAUGUUGUAAAGCAGGGAGGAACUUACGGAUGUCAAGAGCAGUGAUCGUGAGCGUUUCCCUUGUUACCUAGUGACUACCCGGGUUCGGGCGUGGCUGCCGGUUUUACGUCAUUUUGUGGAUUCCGUUCAGGACUUUCAACUCGUCCUUCGUCA
24	0.359354168176651	0.3606557548046112	20	4	2	2	2	2	0	300	ACCCCGUAGUGACUAUGGACGGCAGAGGGCGAGUCCCGCAAACUAACGAGCUGAUAACUGGAGUGGUGGCCACCCGUUCAUACUUCCUCACACCCUCUGCAGGCUUCGAAACUAAGAGCGAUACGGAAUACACCGCAGUGAACCUGGACCCGUUAAGCAUGGUCGAGGUGCUUAGUCCGGGCGCAAUACGAUCAGCUCGACAAUGGGAUGGGUUCCCCUGCCAUCUACCGUGAGAGAUAACCACGCUCUGUUCACUCGGGCGGCGAUCGUAUCUGGGGCUUGGCGAGCAUCCUCGUCGGG
25	-0.0020553770009428263	0.0	20	4	2	2	2	2	0	300	CUGACAACAAGGUUCCGUGCCCUGUGUAAAGGCGGCAGAACUCAGUUAAGUACUCGGGCCGAUGAUCUUGGUAAAUAGAGUUCUUGUUUACGAAUAGAGCAAUUAGAGUUUGGGAUGUCUUACUAUAACGAGCGGCAUUUAGUUGGACUGAGACGGUGCACACCGGCGGGAGUUAAAAGUUGGGUUUACAUGCGCGUCCUAGAUUACAAGCCUUCGGACCUUUUCAGGACCAAUCGGGUGUCGCUCGUCACAGUGGUAUAAAGGUUGACACAACGCAAUCGUGUAGUAGUGGGGGUUGAG
26	0.1927463710308075	0.19393938779830933	20	4	2	2	2	2	0	300	GCACGAGCGUAAUACGCAAUUAAAAUUUAGGGUGAGUCCAAAAACGACAAUUCGUGCGGAUUACUUUUCCAGGCCGAGGGAUAAGAAAGGAGUUCGGACUACGUAUUCGGUUUAAUGUCGGUUGCUCAGAAGGUAGUCGUCGCAUGGCGUGCUUUAACCUCCCGGCACGCCCCUAAGCUAGGAUUCAUUGCCACAAAACAUGCCGUCCCAUCGCUGCCCCAGAUACUCUCAGUCACGCCGUUAUCGUCAUGCAUGAUAAAUUGGUAUGGAUUCAGUAAAGUAAGGGCGUCGUGACACUUG
27	0.13812190294265747	0.1395348757505417	20	4	2	2	2	2	0	300	GGCAACAUCUAAUAGAAGCCUGCCGAGUCACUUCUGGGCAUUCGCUGGUAAACAAGGCAGUCUAUUUCUAAGCAAGAUUAGUUGCAGAUACUCACUCCUCCUAAGUCUAGCCUUUAGCCACACUCAUAAGCUUGUGCCUAUGAAACAAUUACAAAAAUUCCCUCGAUGGUCCCGAUAAGCGUAUUUCGUCAGUCGCGAUACAUAUGCGCUUGCGCCUGGUGUAAGUUCACCACGCAUAACCCGAUUAUUUUCUCGGGUUACUGGCUCUGCCACCUUGUACGACGAGCUAGCUACGAACUU
28	0.36349648237228394	0.36464086174964905	20	4	2	2	2	2	0	300	GGGACUCGUGUCCUCCUUGCCGUCAUUAAACUGGGGAUGCCGCCAGGGCACGCAAGAACUACCCUCUUCGCCUUUUGGAUAACCCCAUAUAUAAGCGUCUCGGGCACUAUCGUAUGGCACUAGAGGGAAGCAUGGUCUCGCCGUACGUACCGCAUUGUAACACAGCGGGCGUUCAGAAAAAUAGCCGUCUGAUGAGAGUCUAUAUAUCAUUGCACGCUUGGUAGUACCAGGUCUUCAUAGAAGGGUUGAUAUUAUCAUGCACCUGCCGAGGUUCUUAAUAUUUGCAAUUUGCUCAGCUGG
29	0.13399207592010498	0.1355932056903839	20	4	2	2	2	2	0	300	CCUCUACAAGCUAUAAAUCGGAGAUACGCUCUGAGAGGCAAUAAGCACGACUGCGUAGUGUAGAGCCCAUAAGAGCGGAUCCAAACCGUUGAGCAACAAGUAUGGUAUGUAGCCGACCAGCUCUCUAGUUUAUGCUGCGCCAAACAGCUGGUCCUCGGGACCAGCUCAUUGCCAUGUGAGGGUGGUCCGGCGGAAGCGAUCUAUGCCUCCGCCCCCCUUCGCAGUCACAUGAUAUGACCAUCCGAUGAAGGCGGGAGUGACCAUGAUCGUAAUCCCCUAUCCAUUGUCAAGACCUAACUG
30	0.29277142882347107	0.2929936349391937	19	4	2	2	2	2	0	300	AUCAAGACCCGCGGACCCAAGGGUAAACUACGAAUUUUAUUAGUUGUUAGGCCCUCGGUCGGUAUGCGAAACGAAAGUAGCCCUCUGCCGAUUAGGAAAGAGGUUUGUAGUCGACUUUGACGCCAUUUAGCUGCAGUCUCUAUACUCCAAAUGACACUUGAUGAGAUGAAUUUUGAGUGUGUCCUUAUAACACAUUCCCAUAGAUCGACAAAUACAAACUCAUACCGUUGCGGAUGCGUGCGCCUAAGUUCAGUAUAGUUCGGUUAGCACUUUAAGAUACUAACCUUGUGGGCGCGUUGG
31	0.4625704884529114	0.46341466903686523	20	4	2	2	2	2	0	300	GCGAGGGAUACCGAUGCGGUUAACAGGAACCAAACACUUAAAGUGCAUCACACCCACGUUACAUACGGCUGUCUUAGCGUCACACUGGCAGCCUCUGCAACAGGCCAUUUCAGAAUGUAAUGACACAUCACAUAAAUCAAGUGAACCCAUAGCAUAACUGAGGGAACGCUAUGAGGGCUGGACCUCACAUCGGCAGAACUUGUUACGACUGCAAUUUUGUACCCCACACCUAUUCUGCGUUCAAAGGAUUCCCAGACCCAGUACCUCAUGUCUGCGUGGCUCGCUAGUAAAAUGAAAGGG
32	0.2926577925682068	0.29347825050354004	20	4	2	2	2	2	0	300	UAGCGGGCAAGCCUCCCGACACACGGACUAAUCAGCUGUCCCAAGCCUAGGGGGAGUAAGGGAAGCUGACUCCAAGGCAAGCUCCCUAGUGUGCGCAGAGAUUGUUUCCCUAAUGUUGCUUUUGGUGCCGGACAGUGCGAUGCGAACAGCUGACCAGGGGAGGAGUGGCACCUGUUGUUUACUCAGUACUUAAAAUUUACUUAGCCACGUUUUCCGCGCGGGUUAAUACUGACCGUUUAGUAAGCAUGCGGCCCGCGGGUUUUUGCUCGACCAGCCUAAUAACUUUACAACCCACGUAUG
33	0.5019596815109253	0.5028571486473083	20	4	2	2	2	2	0	300	CUAAUGCGCGCGACUCGCCUCCUCCCUACGACGCUAGCAGGAUACAGUAUAGAGCAUCUGAUUGAGUUAAUAUAGGGUUCCGUGUACUCGCAGCAGAAAAAAGCCUGGGUAGACGCGUGUACAUCUAGUUCAUCGCACUGCCGCACUGUCGUCCAUAUGGCUUAUACGAGCUGAAUCAGUCACCCACCAGACGUUAAUAGGGUGAAGAAGUAAGCUCUAUCGUAUGACCCAGCCUCGCUGCUAACCCUUCCGUUGUUUCGACCUCCGCAGUUCCGCAUACUCCGGAUCCUGGCUACUCGC
34	0.16198745369911194	0.16326530277729034	20	4	2	2	2	2	0	300	UUGAUGCUGCCCCUGUAACCACAGCCAGUCGAGCUUGUCCGUGUAUUUACUUUUAAGAACACCGCACCAUCACCCUACAUGACUGCAGUCGCUAUUAUGGUCAAAUACACUCUCCUACUAAGCGACAACAAAUAUUUAAUUUAGGCAUCCCCCGAUAUACCACUUCCAAUUCGGACAACAGUUUGCCCUACGCACCCAGGACGUGUCGAGCUAAUCGGCAGCAAGCACACGAACUACUGGCCGCAUGUCUUAAUGUUAGCUAGCCCGCCCAGGCUGUCAAAAAACCGAAAUGACUCCUGA
35	0.5899904370307922	0.590673565864563	20	4	2	2	2	2	0	300	GAAGAGAGCUGGGCUGUUAAGGGGUCUGCGUCUCGUGGAGACACAGACUCCAGAGGUACAUGCCAAUGGUACGCUCGUUCACAAACCAGCUCUGAAUCCGGGUCACUUUCGGUGAUAUUACUCUACUAAUUAUUGACUCGGGAGGUUCGGAGGCGUCACCUUUGUGCGCUCCACUCCGCUACGACAUGCCAUUCACGCAAGGUUGCAUGGGGCCGCGUGCUACGAUCGCGAGGCAUAAUAUUUAUUUCGCCAAUUAGCGGUGGUACAAGGGACGGCUGAUCUUGUGAACUCAGUAGAGAG
36	0.38613277673721313	0.38743457198143005	20	4	2	2	2	2	0	300	AUCGCGUCGACUAGACACGAAAAAGGUGCUAAACAUGCUGGCUAGGACUUGUUUAGUCCUCGCGCACGAGUUGCCCAGCGCGCCUGAUACUGAGCAUCGUACGUCCACUACUGUGAUGGAUCGCACUUUUUAUCGUUCUGUCCUCCGUACUCGCCUUGGCGAGAAGAGGAUCUCCACUAGACUCGUAGAAUAUAAGCUCAGUUUUCGAAUCGCGGUAAGCCAAUGCAGGACUCUGCUGCAAACAUUAAGCAGCAGGACCGCUUGUGCGGUGUUAUACAUGUCGGGCCAUAUCCGAGCAUC
37	0.2793327569961548	0.28070178627967834	20	4	2	2	2	2	0	300	CCAGCACUCAGUGGCUCGAUCAUUUACCUUUCGGCUGGAGCGGGAUUCCUAGCAGGACCGAGCAUGGAUUUUGCAUUUGGCGCACCACAGCUACCCUUGCGCAGUAACAUCUGGGGAGUUUUUGUGUGGCUUAGACGACAUUACGGGCCUACGCUAAUACGGGACUACAAUAGCUUUAUCCUUAACGAGCUGUACUCUAUCACUGGCCCCGAGCGAAAUACAUAAGGAAGCUACUGUUCGAUGUUACGUUGAGUCGUGCCACUAAUAUUCGGAGCGAUUAUGGGGAUAGUGUAAUCGUGA
38	0.32036206126213074	0.3214285373687744	20	4	2	2	2	2	0	300	CAUCCGGCGCUAAAUUCAAUAACUCUACCAGGCCGCCUUAUGACGAGACCCGUGAAGCGGGGUCGAGUACUUCGUGUCUAGGUCAGUCGAAGACGAACUGACCCUCGAUGCGAUAUGAUGUUAUGUAUGACUAAGCUGUCAGGGACAACAGGGAUGCUGUGGAAGUCUCAAAAGUGGGUCCGUUAUAUACGAACCACCUACCAGUCAAAAGCGAGCUGACCUGCCCUUCUCAUUCCGCCAAACUGUUGUGGAAUUAAAGCAGUUUUAGGCCAACGACGUACGGCCCUUCGUUUAAGAUAG
39	-0.002155995462089777	0.0	20	4	2	2	2	2	0	300	CCGCUGACCGCAGUACACUGCUCGCCAUCGUAUAUAGACCGACGGGACCGUGAGGCCAGUAGGACGGCAUGACUUCGAGCACAUCCACUAUAGUACCCAGACUCUGUCGGUAGGCAUGGGGGUGUCAUGUUAGGGGCCGCCGUAAUUCUCGCGCGGUUGGCGCGAUCCUAACAGUCUCAUCACAAUCCUAAGCUCUUAGAUCAAGGAGAAUUUAGUCGUGAUAAAUUACAGGAUUCCGCCUGACCUUCGAGUGCUGUCGUGGAUCUGAUGGUUUGAGAACACCCCAGGAGUACGUAACAU
40	0.4815044105052948	0.48235294222831726	19	4	2	2	2	2	0	300	AAGUUCACGCCAGUUCGUCAACGCCACGCACAGGGACCCUAGGGAAUAAUCACCCCUAGUUGGCAUGACGAGCAUUUACGUUAAGGUUUUAUUUUACGUCACAGCCUCGCGGGUUGUUCUGCCCUCAUGAUGUCUCGCUGCAUAGGGCCAGUGGACGGGCAAAUCCAAAUAAGCUCUUCGCCACCGUCUACGUUGUUCCAUGUGUCAAACGUGAGGCGACAUAUAGAUCCACACGCAGGGUCAAACGCGCAAACUUUCAAUGCACGGCGCAAAUUCCAACGCUCAGCUGCUAUGGUAACU
41	0.020957214757800102	0.022857144474983215	20	4	2	2	2	2	0	300	AAGGUCCGGGAAAGUGUUUUGCCGGCGGGUCGAUUACGGAUCGUUUAGAACCAGAUAUGAGGCCCGAUGUAACCUAAAUCCUAACUACCUCACGGCCAUGGAGCUCCAGCAUUCGUUAGGAGUGUUUCACUUCGUUGCUACCAUCAUGAGCUUAGACGUUUCAUUCCUUCUUAGUACUUAGCGGUUAAUAGAGGCUUUACGGUGUUCUAGCGGGCAGCACUAGGGUCACCAGGGCUCCUGCGUCUGACCGUGUCAACGAGUCGCUUUAUAUUCCUAAUUGCGCCAUUAUACAGGGUACCG
42	0.4524975121021271	0.45303866267204285	20	4	2	2	2	2	0	300	UACAAAGUCGAAAACCCCCUAGUAGCUACUAGUGGGAGUAUGUACAGACAGACAGUAUCUAGGAAUUUAGGUGCCUUCGUCUUGCCGUAGCGAGCCCCGACACUGUAUUAUUUAACUACGGAGUUCUGUUGUUAGAGCCAGAACAACACCAUGGAAGGGGUUGACCCCCACCGAGUGUAUGAUCGAUAGACAGAUAGGCCCGUCCUCACUAAGGCCCGUAAUGUAUGGUUUGUUGACGACGUACCGUGUUUGGUACGUGUUGCUGAGAGGCAAUGAUCUGCCCAAUGUAUUGCACCGACG
43	0.27194029092788696	0.27322402596473694	20	4	2	2	2	2	0	300	CUUGGGAUGACGCCCCAUGAACAGACGCAUCUAGAUGGACAGUACGGUACUCGAAUCGACAACCUCGUAUAUUUCAGACGUUGAUGCCGUACGCACGGGCGACACACCCGUAACAGACAGCAGUGCGUGUAGAGCGCAUCGGCAUCGACACAACCACUAGUUUAAAUAUGUCACCAAUACGUUCAAUUUUAACACUUACAUUCUAGCUGCCACCUCCACGACGCUUGGAACAGUGAUCGUUUCGCUCUUCGGAAUCUGAAUGUGGACUAAGAUAUUGGGCCGCAGGCUGACUUUCAUCUG
44	0.40764015913009644	0.40816327929496765	20	4	2	2	2	2	0	300	GGUGAGAUAGACGGGUUCAUCGCCCUAGCACGAGUAUCCUCGCGUGUACCAGAAUGACGAGGUCCUCUUGAUGAGGGUUCUGUACAAGCCUUGAGAACUAUCGAUCGAAAAUAAAGUUUCGGCCUCGAUUGUCCCCGCGAGUAUAGAUAAUCCAUGACACGUUUAUUUGGGGAUUCGUGCAAAUUCUCAUCCUAACGUCUAGCUAUUAAAUCCGCGUGUGUCAUUUACAGCGUUGCCAGCAGAGAGAGGUACUCAUUUACUAACAUACGGGUCGGGGAGAUCAACCUUGGUGGUGCUCAU
45	0.4565420150756836	0.457446813583374	20	4	2	2	2	2	0	300	CCGAUCGAUAGUACAGUCUUCCUGGGUGCCCUAUCUGUAAUGGCCUCAGAUGAAGAACACGGGAUUUGCAUGACUUCGGGAAUGAUCUCGCACGGCCUAGGGCGUGUUCGUGCCCCACGGCGACGCUAAGUGCAGGGCACCCGUAACUUAUGAACUAACAUGUCCUUUGUCGUUAAUAGUAGACAUAGACAUUCCCGGGUGGAACGGUAGUCGUCCGAUUGCGAGGUGUGGCGACGGUGCUCAUUUCCCACCGCCACAUAGAAGGGCAUUACAAUUGUGACGCCUUAUAUCGAACUGGAU
46	0.35382938385009766	0.35483869910240173	20	4	2	2	2	2	0	300	AGCACAAACGAUGAGAUCACUCGGUUACGGCCGUUAGGCCGUCGUACGAUCAACUCGUCUAUGAAUUGCUUAGCAUGCGGCUUUGGUACGUUUGUAUGCAGACCGAGCUUUGGUGCUGUGCUAUUCAUCAUAGGCGCGCAUCGAUACGAGUGACACCAUAGUUAAAACCGACAGUUACACACUUUAGCACCUGUCCUAGACGUAAACAGAAAACUGGCACCCUACCGUUUCUGCUAGCACCUCAACCUCGUUACCACUAAUCUACUUCGUUCUUAUAGCGAAUCAGAACGUCUAAGACCG
47	0.4701080322265625	0.47058823704719543	20	4	2	2	2	2	0	300	UUACGAAGCGAGGUUAAGGAAGAAGUAUGCAACAGCUAGUGUUACCUUCACGUGCGGAUGGGCCAUUCAUCAGUUCUAUGCUCACAAGGCAACAGGGUGCUAAGGGGGACACUCCCAUUCAUCUUCUGCCGGUACGGUUAAAGUAUGUUCCUCUACGCCGUAGAUUACAAACUAACUACAUAGCUGAGCUUUCGAGGCUUCGCAUUAUAUAAUUCCAUACGGACCAUGUGGGAGUCGCCCAGCGCGACGAGAUUUACUCAGCACAGACCGGGCGACACAUCUUAGAUUUGGGCUUAUUCA
48	0.26223936676979065	0.2637362778186798	20	4	2	2	2	2	0	300	AAAUUAGGCCAAUCACCGAUCAUAGAGGUUCACACAUUUAGUACUACGGCAUGCGGCCGUCAGACCACUGCUCAGUAGAUUCAUAGUCGGUAAUUAGCAAACAUGAGCAGGAUUGAGUAAACUUGCCACCAAUACCUCCUUUCCCGCUGUUACCGUCGCCGUCCCAUGUCCAUGAGACGACAUUUUCGGUAAAUUUCGCUGGGCUAACGUCACUAUACUUCAUGAUCAAGCUGUGUGCUGAAUCAGUGUGAUACCGGUGCACCUUCUGUACAGGAGGGGAUCUUAGCGCGUCUCGCCCCA
49	0.1816508173942566	0.18292681872844696	20	4	2	2	2	2	0	300	CCGUGCGACUUCUGGUGUGGCCCUAUAUACCCGCAUCCAAUCCAGAGGAUUCUUAGUGCUGAGGAACAGUUACACACAAUAGAGGUCAAGAUAUUUCUCGUCGACGUAUCAUCUGGGCCGGCAGCAGCGUGGUGGCAUACCUUACCUCGACUACCCGACGCUAUGGGGGAAAUAGUAACAUAAUCAAGACACCGGCCAGAUGCCGGAACUGGGCAGUAGGACUAGGCCACCCGCAUCCAAUACCUUGUAUCUCCUGUACGGUUAUUUAGCUAUACGGCUAGCCCCUGAGAUCUUUCCUCU
50	0.28604209423065186	0.2857142686843872	19	4	2	2	2	2	0	300	GUGAGAUCGACUGCUAUUCGCCGAGAACAGAGCGCCAUCGUUUAACUGAGGCCAGCUGGACAUGUACGGUUUUAGCUCAGACGCUAACAACAAGGGAAUUUCGCGGAAAACAGUCAAACCCCAACCGCACUGCAGUUUCACGGGCGUGUCCUACUCCUUACUCGGUAGCGGUUGCGCUGACUCUGAGGACUGUUGCCACCUUGCACGAACGCUUAGCGACCCACGCGUUUUAUAUUAAGUGAAGGUGCGAUUAAGAAGAGUGCGCAACCGCUCUUGGUAGGGCUACGGACCAGUCUACCA
51	0.21007801592350006	0.21052631735801697	20	4	2	2	2	2	0	300	GGAAUCGUCUGCCCACGGAGGAGGUUAUUCUUUACUGACCUGGCGGAGGGGUCUGAUUUAUGGUCCCAAUUACCCCCACAGGGAUCCUGCAUUAUUGUGAUGGACUAAGUUAAAGGGCGGACGAAAAUUACUACGUGGUACUUUGUUGCGGCUACACUCUACUCUACAAUAUACACAGUCAAACAAAUAUUAGCAGUACGCGGGCUACAACGCGGCCACGGUCAUAGCCCGGGAGUUACCCUAUAACUCCCUUCCCCUGGCCUACGCGGAUUCGUGAGACCUAGGUGCUGAGAUUUUUUC
52	0.1488521695137024	0.1505376398563385	20	4	2	2	2	2	0	300	AGAAUUCGUGAAAACGUAAGUCUGCUCCGAUAAGAGCCGUUCUUGGGAGCGCUUUGUGGUCCGCGAGUAGCGGAUUCCGAAACGCGUGCGAGGCGUGCUUGGUCGAGACAGAGUCACGUUCCAUAGUAGUAAACUGCACCGUUAACAAAGAUUGGCCCACGGUACCUGGAAUGUAGCCAUCAUGCCUGAAGGAAACACGCGCUCUCUUGUACAGGAACCCGGUAACCGUAGCGUUAGCAACGUAAAGGGAUUAUUAUGCUACUGAGGUACCGAUCCAGUGUUAGAUACACUAGCGGUCUG
53	0.5791782140731812	0.5799999833106995	20	4	2	2	2	2	0	300	AGGACACGUACUCUAUAAGCGGGUACCAUGGGAAGCGGCCUAGUUUUACACGGGAUGGUGGAUCAUCCAUCAUAGCCUAAUUGUAAGUGUACUUAAUCAGGAUCGCUGGGUAGAUCCACCCCGAAUUUUCAGAAUAGGUAGUCCAGCUCGACUGCCAAUCAGCUGGGGAUACGGACAGAGAAUAGGACACCACUAGGAGCUUGUCUGAUUGUGUCCGUAAGGAAGAGUGGCAGUGUGUUUUCCCGCGAAUGGCAUACGAUAAGCGGUUACGUAGCCUAGCAUAGUGGCACCCCAGUGAUU
54	0.324885755777359	0.3263157904148102	20	4	2	2	2	2	0	300	UCAUAGAAUACCCGGCCUUAGAGGCUAUUCAUCACUAACAGGGGCUCGGCGGUAACAUAUAGAUAAAGCCCAGUGCAACUGAAGGAGGGAAGCUCACUCAUUUUCACCCAGAGGGUGCAGUGACCCUUUCUUAUUGCUAAUCCUUCGGGGUUGUCACCCCGUUCUAACUUUUUUGCCAUGGGAUGAAAAAACUGGAGGCGGGAGAUCCCGAGAGUAAACGGAUAACAUGGAGAACGUGAAGAUAAUUUGUGGCGAGAUCGAUGUUUAAAGCUGCGAUUACUAAACUUAUGGAUGGUGUAU
55	-0.0018215789459645748	0.0	20	4	2	2	2	2	0	300	CCGAUCGGUACGCUGAUUCAUGGUUGGGAAUGAUACCUGAUGACGGUCAAGAUUACUCUUUGCCUCCGUACCUACCAUAGCCGUUCGGCCUGUAAAAGUUCCAGGGUUCAUCUUGUUUAGAGGCCACGAAAGGAUAGCUCGCGGUACGCUGCAGUCGCCGCCGGACCUUCCGCUGUAAGUGUGGCGUCUUACUGGAAUUUGCCAUCAACUUGAGCUCCGACCUGUAGCUGUUUAAACAGUUCUAAACGGGAAGAUGGACAUAUACCGCCAGUGCCUCCCAAGAACAUAAUGAGAAUAAUA
56	0.2612028419971466	0.26250001788139343	20	4	2	2	2	2	0	300	GGUAAUCGCUAGCAAGCGAAAGUAGGGCGACGACCCCACGCUACAAUCAUUCGAUAGCCAUGUGCCUCUCAUUCACUGGUGAACAAUCGAAUACGCCGAGGUCCUGUUGAUAACAUGUAACAAGUACGGGAAUUAGAACCCAUCACCCAAUCUCCCUUAUGUCUAGAUGUAAGUCCAUAGAAAGCGUGGGAUAACUGAAAAGACCAGGAAAUUAAUUAUGCUCGCUCACUCCAGGAAAGCACGCUAACCGAAUCCCGGUGGGCCUAAAGCACCAGCAUUUGAGGCGGGAUCGGGCAGCAC
57	0.1800217628479004	0.1807909607887268	20	4	2	2	2	2	0	300	UCCUUCGCGGCGGAUGUUCGGAGGGACUCACGUAACCGUCACACAAACACAAUAGCUCAUGAACCAUCUCGGAUCCACAGCUCCAUAGGUGCGACCUUGCCGGGGCGAACCAACUGAUCGUUUCCGUAACAGAAUGGAACACCCCCCUUUCGUGAUCCCUCUGAGCUAAUGUCUUAUGGCAAAAUGCCGAAUGUUCGUAGGGCAGUGACCCACUCAACAUACGAGUAGAGGGUAACGACAGAUGGUGAGACGACUACGGCACACACAUCGAAUAACCUGAAGCCGUUUGAACACACUGAA
58	0.06677184253931046	0.06802721321582794	19	4	2	2	2	2	0	300	UAUACGUGCCAACCUUCAAUCUUACCCCGACUUAGCACGGCGGAUUGAUGCGGUGGUGAGCUGCCAAAUCUCCUCUUCAUAUGCACGUUUUGGCUCAACCUUUCGCUAGUUUCCUCUGGACAGUAAGAAGAAUCAGAGGCUCCAAAUUGGGCCAUGAUAAGCUAGUUCUGAUGAUAGAGCCGCAACUAACGAUUCUAAGGUUAGGAAGCGGGGUAGCUUACGAACGAUGCACCCGAGUAUUCAGCGGUAUGAACUCAACGACACAAGCACCGAACAUACAAGGACGACAUACCAGAGUCU
59	0.6376835107803345	0.6382978558540344	20	4	2	2	2	2	0	300	GAAGCAAAGCCUGUCUCGCGAGCUGCCCACUAGAGGACAGCUCGCCCCGGUAGGGUACGGCCUUAGCGAGUUUCGUUACUGUAAUCAUGAACCCACUGUGGUAUGGUAACAACUACGUCAGGAGCCCGAGGCGGAAACGCGCCGCACAAGCUCGAUUAAUACCAUGGUCCAAGUACGGAACCGCUGGGUCGGAUCGAGUUCGGGUGGGAGGUCUCGCCCUUCUUGACACUACUUAGGAGUCUAGGUUUACGGAGGACUUUUCACAAGAGAAAGUGUGACUACGUCCGACCACAUUGGAUA
60	0.40345215797424316	0.40437158942222595	20	4	2	2	2	2	0	300	UAGCGGCAUCAGUCUCGCCACGUAUGGAGAUCCGAAUUUUCCAGUCUUUAAGGACUUGAAACGGGUAUCAGCUGCUUCGGUUGCUAGAGGCCCGCAUCACCCUCAGUUAACCCCAGACCAUACCAUGGUCGACAGUUAAGUAUUAGCGACGACCAGACCUAUUUAUGCGCAAUGCUCUAACUGUGCGAGCAGAUGGAACUCCCAGAGUAUCAUGCUACGUAUGGUAAGUUCGAAUAACUAUAACGUACACAAGGGCGUACCCAACCUUUGACGCAACUUCCUUAAUUGAAGGAUAGGGAG
61	0.2661074995994568	0.26744183897972107	20	4	2	2	2	2	0	300	GAACCUAUGGGUUCGAAAGACCAGCGGGGGCUCCGGUUAUAUAUAAUAGAGUCCGCGAUAGCCUGUCUACGAAAACCGGGGGUAUUCUAUACGGAACGGGUUAAAUUCCGGCCAAAGAUAUUCGACUGAGCCGACGCCAGUGGGCUUUAAGGAUGACUGUUGAGAGAGAUUAGCUCUAUAUAGAGUGCCCCUAGGCUUGCCUCAAACCCUGCGCCAGAGGUCAGGUGGUUGACCGUCCCCUACUAAAUGUGCUUUCCCUUUCAAUGAUAGGUAAACCGAGAUGAUACUUCCAACCACCAG
62	0.4521068334579468	0.45303869247436523	20	4	2	2	2	2	0	300	UAUUGGGGUUGCCGCCCCUAAUGGAUGAAAUUGAUAGCCGCAGAAGCUGUCUCUCUCUGGUAUCACAGCAUAGUCACUUUGACGACUGCUACUGAAAUCUGACGAAGUGCAUUCUCCUGAUCCAUGUAGAGCGGAGGCUAAAGCUGAUUGACUUGUUCUGGGAGUGCGAGCACUGCCGCAUACGGUAUACCAAGGAUUAUAGGAACGAGUACAGAUGGUGACCGCUGUCUUUGGAUACUGACGCGGUAUCCUCGUUCACACACGUACCCCGUAUGAUUUGUCAUCCUCAAGCAACACCAA
63	0.49149173498153687	0.49197861552238464	20	4	2	2	2	2	0	300	AUAGUAUGGUGCGCCAGGGACACUGCUUGCGGGCACCCACUGGACAGGUUAGCCUUCGUGUCAGCUUGAGUUUCUGGCACGAGUCAGAAGCGUGGAUUCCCGUACAACUCGUAAGAUAUAUCCUAGGAUGAACCUUUAACGUGCGGAAUGGUAGCCGGCUGACGACGGGUCCAGAUGGUCGUGUAUAUUAUCGGACGCGCCGCACUCGGCGUCGCAGCUCUCAGCGAACGCCCGGUCAGUGGAUAAGAAACAAAUGACUUUUAGUCCUAGCGUCACGGUGCCAUCAGCUUCCUAGCCGUG
64	0.3715500235557556	0.3726707696914673	20	4	2	2	2	2	0	300	CACUGGGUCAACCUGCCAUUUGCUUCACUAACAACAAGCAUCGGCCGGAUUAGGGAGAUAUUCCCAUUAAUUUUGCAAUUCCUUGAGCAACUACUUGAAUGGUCGGAGUCAGUCGCAUUCUCAGGUCUAAUAACCACCGCACUAUGCAAGAUGUUUAUACAGUGUUCGUCAAGCCUUGGACAGCCGUGUGCGUUCUACGGGUCUAACGACCCAAUUGACUAUUUCAUACGCCGGUGCUUGUCGGCUCCUAUGGGAGAGACCGGAAGAGAGGAUCGGAAUUACACCUCUUCUUAUCUCGUA
65	0.19470907747745514	0.19607843458652496	20	4	2	2	2	2	0	300	AACCAAGUGCACCCUCAGCCGCCUAAUUCUCAUGAUAAAUUCGCAACCGAUGAUUGCAAACUAGCUCACUCCCUUUCCAAAGCACUUAUGGUUAGCUUAAAUACCCUCAAGUUUCCGUGCCGGGUAUUAAUGGGUGCCUCGAUUUUCAAAACCCCUUGGGACCCAUCUAGGAAAGAACGCACGACAGCUGGUUCUAUCUGUUAUGCCCCAGUUUAAUAACUGAUGGCCCUCGCAAAGUUAUACUCGGCUCCCAACCCGAUGGAUUGUGGCAUCUAAUGUACCGUGUUCCACCACUUCAAU
66	0.5404559373855591	0.541176438331604	20	4	2	2	2	2	0	300	AGAAUUGAUACUUACCGACUAUUGUUUCGCCAUCUUCAGUUUUUCUCUCUUGGGGUGAACUAGAUCGAGACUACGCAAUCAGCUCCUUCUAGUGUUACCUACAAGUCCGUGAGUCUAAGAGGCCCCCUGCCGGGCGCUUACUGAAAAACGAAUAUUAAUAACGUUAGAGAUUUUUAACUAGCAGUAUUGCGCCGCGUUGAUACACAAUCUGGGGGGCCCCGCGAAACACCAUAUGGCCAAGUACUGUGAUAUCUGUAAAACAACCACGAAGCCUUCCCCACGCAAACGGGCUUGGCUCUU
67	0.6441697478294373	0.6448087096214294	20	4	2	2	2	2	0	300	AUCUCCCCUAAUCCUAAUGACUCGCUCUCCCCUUGGUGGCGGAAGAGCAGUGAGAAAUAAGGGAUCCUUUUAUACCUUUCGCGAGUGCAAACUUCGGGGUACACGUACCCAUCCCCAGGCUGUAACCCACUAUUAGGGUCCAAUGGAUAGGUUAGAUUAUGGCCGUUCCGUCUGUUCAAGCACGAGCUCCUCAGGCUAGAUGGGUGCGUGACUCUUCUCUGGAAUCGACUGAUUUGGGCAGAGUGCGGUGACCCCGAACCGCUUUGAGCUUUCGCGAGCAACGGUAGUAGUACUUGCUAG
68	0.22725102305412292	0.22727273404598236	19	4	2	2	2	2	0	300	AGCUCAACGUAGCGAUUGCCAGUUUCGGAUGGAGAGUACUGCGACGUGGACCUAGUUGCGGUCGGAACCGUUGAUGCAGACCUAGAUGUAGGUGGGACUGCCCGCGGAGAGCCUCACAUCGCUCGUCCGUUGCCUGUUUUGGACAGGUUCCUAAAGGAGAACUAAUAUUUCUCUCAAGGCACGGAGACAACGCGCGGAGACUGGUCCUAUUCGGACGGCAAGCCAUGGAGGCGCUGUGGUGGAUCUUGUGCUUGGGACGGCCAUUCUGAUAAAGGAGGAGGCUCUGUAUGUCGAGAUCUC
69	0.6661974787712097	0.6666666269302368	19	4	2	2	2	2	0	300	UCAACUGAAACUCACCAUCAGCCUAGUACGUGAAGAAACGCCCCCUGGUAGCUUAAUUGGGCUCAGCCUAUUGUGCUAGAUUCAUUCCUGCAGUCAAGACGCCUAGCUUCAGGUGCGUUUAACCACUUCUAUCUGCUAGGACGUUCAAGCGACUCGGUUGUAACAGGCAGGGGACAGGCUCGAAUGUAUUAGUGCGCGUUGAUAGCUCGCCCUGAAUUACUCGAGAGUUUAAGACACAUUGUCCCUAAAAAGUCUGCUGAUUUCUAUGAUGGGAUGCGCUGUUGUUAGCGCUUAGAGAGG
70	0.30932533740997314	0.3105590045452118	20	4	2	2	2	2	0	300	AUCAUGGCACCAAGCUGGUCGAUUACGAGCCCAUAAGUUGGUCUAAACGUGGGGGUACCGGUGUAGAGAAUACGUUUGUGAAUCCGAUGCUGUUCCGCGGCGAAGUCUGAACGGUAGCCUACGCAAUACACGCUGUUACUGGAUUAUCUUCUGUUCCGACGGAGUCUAUUUAGUAGUCCAUUAUUUAAUGACCCUUCUCCAUUAAAAUGCCCAUCCGUGUGAAUGGGUGUCUCUAGCUAUAAUCCGCCAUAGUAAGUUGUGGCAGUUGAGGGUACAUUUGUUUCACAAACUCAUUGAUUC
71	0.37507009506225586	0.37634408473968506	20	4	2	2	2	2	0	300	GUACCUUUAACACCCUAUAUUAGCAUUGUUGCGUGGAGUCAUAUUUAAGUUUAUGCCAUCACUUCGUUAUGUACCAGAUGCGACGUCGGACACUUAAUUUAUGGUGGGUACGCUGUAAGUAAUCCUCGACGGCGGUCUACAUAUCCAAGCGAUCACGGAAAGGACCAGGAAUUAAGCGUCUGCGGCGGAUGGGGGUAAAACUCGUCCCACGUCGAUCGAGAGUGGGCGCCCAACCUGACGCGCGCCGAGUCAUGAAAUGGGUUACGUGGGGCUGUCUAGCAGUCGUGAUGGGACAAAAGA
72	-0.0017863523680716753	0.0	18	4	2	2	2	2	0	300	CGAACGUCGGAAGUUCCGACCCCCGCAAUUGCGCUCGACCUCGGGAUGCUACCCGUUACGUUAACGAUAACCUAUCGCCUGUCCGGUAUAUUGUCAUGCAUGGUUAAUCUGAAUGUAACCUCCGCGAGUGCUACAAUUAUGAGUUAUUAGUUUUUCCAAUCACGUGAAGCUUCGUUUGCGUCUGCAUGUACCGUUAUACACCUACGCCGAAGUUCAGCCAUAAUGCCACCGGUACUGCACAGCUAUUUCCUUGACCCCCACGUCACCCAACGUGCAUUUCUCGCUGUGAUAAAGAGCUGA
73	0.595484733581543	0.5957446098327637	19	4	2	2	2	2	0	300	ACGAGGCACCAGUAUUACCAACAACCAUCACUCAACCUUACGCUGAAAGAUACAAAUGUGUCGACUACUAUCAUGCCUUUCGAGCCGGCUCGUUACACUCCGCAAUCAGGUUUGUUGUCCGUUAUUGGCCUUGGCAACAACACACUCCAGUUGCGCAAAAACCUACUCCAACCACUACGCCUAACGUACACAAUUUGUGCGAUCGCUCAAGGCGGCACUCAUCGGCGGAUUAUGGCAAUCCCAGCCCGGCUUUAUAUAUAGGAAUGAUAUCACGAUUAUGUCUCCGAAUUGGCCGGGCCA
74	0.2027553915977478	0.20430107414722443	20	4	2	2	2	2	0	300	AAUGAGAACGGAUUCCAUAAUAAAUUAGUUUAGCUUGCGCGCAACGCCGGCAAAGCCACCGUCGAAGAAGCCUUAGUGUCCCCAAAUAGUUACUUCCUCACGUGGGGUAUCUGGCUAAAAGUGCUUUUGCGCAUACGGUCCUAGCACGUGAACAGCAAUAGACCUACUAGGUAGUUGAAGGUUUAGAGAGGCUCCAUUUAAGCCGUUGUGCUCAGCCUCCGUAGUGUCGUUCCGUUUUGUAUGCGCAGUACGAUUCUUUGGACCCAGGUGGGGGUGCGCGCCUUAAUCCGGUUCCACGUG
75	0.4961252808570862	0.49696967005729675	20	4	2	2	2	2	0	300	GACCCACUACAACCCGAGGGGGGCGGGACAUAGACUACGCAGGGAAGUAUGGGCUAAACAGAGAUUGCCCAUGUCUAAACGGGAAUUUAACACGUAUUGUUGACCGAACACUUAUUACCGGAUAAAGCCGCUACCUGCGCCCAGACCGACGUUAUCUUCCUCCUGCUGCAUCUUUAAACCGAGAUCAGCCCUGACCCCGUUGCAUUAAACAGUAACCUACUGUGGAAUGUCGGGAAGCCUGACCACCUACCGCGGAGCGCUGCUUCCUCGGGCUCGCCCGAGGCAGGGCCAACACAAUUC
76	-0.0018411956261843443	0.0	20	4	2	2	2	2	0	300	UCUGCUAAGUUGAGGCCCUGCAUAACCUAUUUUCCCUUCGCCAUCAACACAGAUGCAAACCUAGAUAGGCGUAUUCCACGCAUCCAACUUGCGGGGUCACCCUAAGCUAACUUCGGUGUAGGAUCGCCCAGGACGCCGAAUGACAGACUGCGUGCCCCAUGCCCGCUUGGAGAUCGUUUAGUUUGCUCAUCCCGGCCUCAAUACGUAACUCACAAGUAUUAUAACCAAGACCAUUACCAAGGAUACCAAAGCGGAAUGGUACCCGAAUCGGUCAAGGAGCGACGUUACUGAGUUAUCUGC
77	0.032846786081790924	0.034682080149650574	20	4	2	2	2	2	0	300	GGUCGAUCCAGAGCUGAUAUGAACAGAUGGGUAGUUAGAAAGCGCUCAAUCCCUAAACGAGGUGUUGCCAAACCCCGUGCGUUACUGGUCUUCUAAACCUGGACGGAUGUGGACAUGCAUCUAUGUGUGCGCAUGGUCCAAAUGUGAUCUUGGAGCGCGGGUCGGGAGGCGACGCGAUUUGCACGGUGCGGAAGUCUCAAUGAGCGUGAAAUGUCCCCCCCGGUGGGACCGAGGCAUGGUAAACUCGAUGGGCGCCUGGGGAUAGGUACACCCGGGGUAAGCUCCAAGGCCAUUUGACUC
78	0.32881030440330505	0.3296703100204468	20	4	2	2	2	2	0	300	ACCGCGGUUGCCUCAGGUUACGUGUAUACUCAUACAAAGCCUAUCAAGAUCGUCUACCUUCACACGCUAGCUUCUAUGCCACAUGACUACCAUAACGAUUUAGGAAAUAGAAUCACACUUCCUUGCAUUAUGUAGCCGGAGCGCUGUAAAGUCAGAGUACAGUCUUGUGGUCCGGGCCGACGUUCUUUACUGUUAGAGAACGGUUCCAUACGAGACAGGUGCUUCUUGUAUUCUCUCGGAGACCGCAUACCCGUUUAGCGACGCCGAAGUAGCGUUUCCUAGUAUGCUGGGGCAAAUCUC
79	0.13172025978565216	0.1325301229953766	20	4	2	2	2	2	0	300	ACGUUUCUAUACUUUCUUGUCUGAGAAAUUGCUACGAAUUGUGCAGCUGGCAUGUUAUCCGAAUAGGCAACACCUAGUGCGGGGAUCUCUCGUCUUUAAGCACUUCCUCCCGAUCGAUUUAUCAUUCUGGACCUGUAGCACUAGUGUGUACCAGAGUAAUACUAAGCUAUAUCCCCGGGAUAGUAGGGCCGACGAGGGGAGAUACAAAGGCACUGCUCUGACCAUUGUCUGUCUGGCGAGUAUAGCCCAACCAAGCCGACGGGACGUUCCUCACUAAUCAGGCGAGGUUAUUUUUGAUCC
80	0.5060340762138367	0.5060241222381592	20	4	2	2	2	2	0	300	UGAUUGCUGUCAAAGCAUGUAUAUCCGAGGGGCACUCCCCGCAAAUAACACUGAAGGGUGCUCGAAACUAACUCCUACUUUGGGUCAAACGGUAACAGAUCAGCUCACAGCCUAUUGGGCGUAGCAAUCGAAAAAGGUACGAGGUUAGCUUAACCUUCUGCCGGCUGUGACACUACUGCAAAACUCGCGCGGCAACCGAAACCAUAAAUGGCACUCGCUACGGGCCGGAACACGCGAAAACACUGGUCCUGAACUUCGACCUAAAUGCGUUCCAAUCCGCGACUACAGAGUUACAUGCUA
81	0.3107757866382599	0.31137725710868835	19	4	2	2	2	2	0	300	CAUCGUAUUUUAAUUGUCAUUUCAGCAAGAGUAUGCCGACCACUGGAAAGGUUCCGUUAUUAGGUGCUCAGCGGUCUAAUCGCGGCCAAAACGCGCCCCGGUAGGGGGUCGUGACCACCCUGCCCCUUAAUCUGAAGAAUCUCAUAGUCUCCUGACAGUCGCGUGGACGUUGCCCCUAGCAAUUUCGGCUCAGCCUCGGACCUAAUUUUUCAGUGUCUGUUCGUAGCCUGGGUUUGGAGAAUUUGGCGCUGGGUAAACAAGCCGUGACAUGAUGCUCCUGGCUGGGGGACCACCGGGGGC
82	0.14174608886241913	0.1420118361711502	19	4	2	2	2	2	0	300	ACGGUGACCGUGAAUUACUAGAAAGGCCCCUAUUUAGCGCGGGUCCACCACUGAUGAGAAGUUUCAGACCGUGUCAACUGCUUAGCUCAGGCUAUGCUACUAGGUCCAAUCGGAGAAAAACCAGACAGUGCGGGAGUGAUGAUUGCUCAUAGGUAUGCGGGGUGGACUUGUCUCUUAGCGGACCUUAUCGGCGCGCUCUAACCAGAUCGUUAUACAGUUCAUAAAGCCUUUAGACGAGCGUCGUAGAUCACCCGGUAGUCAUUGUAGUCAACCUAACUAAAAACGCACUAGUAGCUUGGG
83	0.350686252117157	0.3510638177394867	20	4	2	2	2	2	0	300	UCACGUCAGUGGAGCCGCAUCAGUCGGUUGACUCUGUCGGAAGCCUCUUUGGAUACAAUGAGUAAAACUUAGGGCGGUGAUCUGCGGGAUACACUCUCCAGGUCGAAAGCACAUGCGUUCACGCAGUUAGCUUGUGCACCAACUUCCUAUUCCAACUUGGCCUCGUUCAGCGACGUUUCAGGCCGCACCGGCCCGUAGCAGGUAUCUUUACUUUCACAUCAGGCAUAGGAGUACCGAUGUCUGUGAGUAGUCUGGUUCACAUUAAUUUAGCUUAUUCCGGAUGAUUACCAUCUUUCCCGC
84	0.41265377402305603	0.4137931168079376	20	4	2	2	2	2	0	300	AUACGCCGUCGCAUUAGGUGGGAAAUUACUGAGGAGCGUCACUGUCCCCACCAUUAGCGCAGCAAACUGUCUCCUGAAGACUUACUCUACGAUUGUAUUCGACCGCAUCAAGGUAUUCCCUAUGCACAGGUUUGAAUCUACGCUUCUCUAGCCCCAGUCUUUACGGGAGUGGAGCCGAAUCACAUCUGAGGUGAAAUACGUAAAUAUUGAAAUCACGCUUCGACCACGUACGUGUCACGAAUGGAUGAGCGAAGCAGGCCACAAUGCACAUGACCAAACUUCGAGCCCUUUCGCACAAUU
85	0.6267079710960388	0.6270270347595215	20	4	2	2	2	2	0	300	CUUACAGAAUCCUGGAGAGUGUGCCAUUAAAUGAACUGCCAGGUCGCAAAGCCCCGUACGCCUCGCGCAAACCGCAAUUUUUAGUCUGGCACAGUAUCGUAAGCAAACUGUGCCAAUGGAAACUUGUCGUGACGCCUCCUAUCCGAGCCCCGGUCUGAUCCGCCAUCACACGACUCGUAUGUAGUCGCUCGGUAGCUGGUGGUUUGUGCUACGGCAGGAGAGAGUACCGGACCAAAAGGAGUCGGUACAUAAGCGGCUUUCGACUAGGUAAGCACCGGCAGUCUAAUCACACUACCUGGA
86	0.4136478900909424	0.4137931168079376	20	4	2	2	2	2	0	300	AUCCAUCACACUGUUGUGAUUGCAGCAUGCGCAUGGAGUAGUUAAAAACGCUCGUGGGCAGAGUUAUUGGCCGAUCCGCAUCGAACCUCGGUGACCCGGAAAAUGAGCAAUCGGGUAACCGCAAUUUACGCGCGGGCCUAGUCGCUAUCGAAAUACUAAGAGCUUAUAUCGUUGGCGGCGCCGGUUGCUUGGCGUAUUUCCCGCUAAAACUUGCUUUGAAAGUUGGACUAGCCGACAGGCGAAUUGGUAGCGUGAGCGUCGGUGGCAACGAUGCGCACCGCUGCGCAUGGACCUAAUACG
87	0.25553399324417114	0.25698322057724	19	4	2	2	2	2	0	300	CUACGCCCAGUCAAAUAUAAGAUUUGAUUCUCAACCGGGUACAACCCGUCCUCUAGGGGAGAUAACGUGUCGUAACUCGCAAGCCUCUCCAGGAACUCACGGAAUUGAGUAACUGUCCGCGUUGUUGAACCACGUUGUUCCGAUAGCCCUAUGCACGCAGCGUUUUCAUUCUGCAGUGGUACAGGCAAUUCAGCCCACAUCGCCGCUUUCGGUCAGUUGAAAAUCCGAUAUAGUACAUCACUAAUCGCUUUCUUGUAGGUUCUACAGGCGCCCAGGCUAUCAACCAGCUAGAAGAUUUUC
88	0.6213880777359009	0.6202531456947327	18	4	2	2	2	2	0	300	GCUCAAUGUCCGUAGAGCAUAGGCAUGUCCGUCCAUACUAUGAUGUUUUUGGUCGGGCCCGUGGAGAGCGGGCAGUCUACAUUGUUAAUCACCGAAGGCCAAGUGCGUGCGGUGUAAGGAUGCCCCAAAUGAUACCAUGUCUUUAAUCCCUCCGAAUUCAGCAGGUAUGAGGGUAGGCCUGUAACUUCAAUCAACGCAGUCGAUGGUGCCUCAGUCGCUACUAAGUCAAAUAAUAGGUCUCCGGAUUACGUCCAACAUCAAGUUGCGGAAGCUCAGUACGCUAGAACCUGUUCAGAUUAA
89	0.20762982964515686	0.20858894288539886	20	4	2	2	2	2	0	300	ACGCAAUUUAGGCUUAUGCCGCGAUCGGUGAGUAAACAAAUAUUAGUAUCUCUACGUGGACCGGAUCCCCAUUUUAGGCCUGUCCCAUCCCGUUCUAAAUAAAAAGGCGCUAUUCCCUUAAGAUCUCGAGGUUCGUACCGCGACAGCUGAGACCGAUUAAGCCCUUCCCCAAGUUACGCGACAGCGCGUCCGGAACGACUAUUCGCUAAAGCAAUCGAACGCUUUUUCCCGCCGGUGCCACGAUCUCGAAGAUGACACGACCUGAGUGAACACAAGACUCUGGCUGUUUAAGCACAUCCG
90	0.3598516583442688	0.3604651093482971	20	4	2	2	2	2	0	300	AAAAAAGCCGAGAUAAAUUUCUCUCGUAAGGCAUUCUAUCGUGGCGUGUAUGAAGAACUCGCUCAACUGAGAAGAAAACUAUAUCGUGGAGCGCGAGAAAUCGCCGUAGAGAUUCGACAACUCUCCUGCCUGAGCUAGCAUAUUAUUCACAAACCACCUUACAAGGGUCACGUGAAUCCACACUCCGGUAGCUUGUCCGCACGACAGUAUAUCGGCGUGCCAUGAUGAUUUAGCCCUGACAGCUUCCAUGAAUUCUUCUUUAGUUACUUAAUUAGCGCCCUGACGGAGCUAUGUGUCAAA
91	0.756354033946991	0.7567567229270935	20	4	2	2	2	2	0	300	UCGACGGCGAGCCAGGAAUUAUACCUGAGAUUCCAGGGAGCGAAAUCCCGGUUAGGGCGUCGGUUUGGAUAAUAACACCCAAACUGAUGUAUGAUUUAGCCCCCAGCCGGAAUGGGCGAGCUUGAAAUACUCUGGCCCGGGCUUUUCCCGCAAUUUUGAUAUGAACACGGAACGAUAGCAAUGAAGCAAGGCCCUAGAAUGACCUGUAUAAAGCUAUAGUUACAGUUACCGCCUUGUUACGCCGCUCACUAGCCGUAGAUUGGGGGCGAAAGCAGACUCAGCUGGCGGUAGAUCGGAGCA
92	0.5225086212158203	0.5212121605873108	20	4	2	2	2	2	0	300	CCAAUUACGCGCCACGUCCAAUUGACAGUACGCAAGCUGGGUACCACGGGUGGUGCAACAUACUAAGUUCGACUACAGCGCGUGCGUGAUUGGACACUAUCUUGGUUUUAUUGUUAGCGCUUCCGCACCGGAUGACGGAGCGUUGUAGAAUUAGUACAGAUCAAUCGUGCCAUUACAUUAUUGAUGUACAUUUCUGGAUCCCGAGCAUUUCUGAGAUCCCUAAUUAUUACUACCGGAGAGGUCGCAGCUAUUCCCGGCCAAUACAUUUUAUUUAACGGUCAGCCCUCUACUCUAGGGGUU
93	0.14962542057037354	0.15116280317306519	20	4	2	2	2	2	0	300	CUUUCUAUCAAAGCCCAACUGUGCCAGCCAACUAUAGUUCACCGGGUUCUUACCUGAACCCCAGCUUCGCUCGCGUCUGAUUAGUCCACCAGUUGGCGUCUCUUGCUGUCACAUCUUGCCUGGACUGGUAUGGUAUAACGUGGUUCCAUCGAAUCGCACUUAAAAGCCGGUCUGUCCACCAUUCGUUAAUUAGAGACAUAACUAGGUUCUUGGACCGCACACGGAGGCUGAGGACAAAAGACUUGUAAGCACUAGCAGGGCAUUACUAGAUUGCCUCUGAUUACGCCAACUGCUCCGUCC
94	0.43364667892456055	0.43478259444236755	20	4	2	2	2	2	0	300	GGUCUGAAGAACACUUACCCCUCCUACUAUGCCGAGAUCGGUCCGUGUUUGUGCGUUGACUCUUAGACAAUGUAGUGCACGCUAUAUCAACAAAGUUGCGUUUGGAAAACAUGUGGUGUCUAUCACCAACACCAGGACAGGUGUUACCUGGCUACCCGAGUCAUUAUACCAACUACUCUCCAGGUAAUUUCCUGAGGUUGGUCUGACCGAACCCGGUUUCCGCUAGUGUAACGUUACAUGGCCCUGAAGUGAGCCUAUGAUGGCAAGACGAAACGAUAGGACUGGGCAGACGCCAAUGGU
95	0.5684453845024109	0.5680473446846008	19	4	2	2	2	2	0	300	CAGCCGGUUGUAGGUACAACGAAGACAAUCAGGUAUGUCUAAAAGUUAAGACUCAUCGACGGACUAAUCCUUGAUCGUGGUCAUUACUGUAUUAUUCGUUUGAGUGGAAGACAUAGAGUCCUCGAACUUGGGUCCGUCGGAGUGCGAGCUGCAUACUUCCCAAUAGAUUCUGACAUUGUCAGUCAUGCUGAGGUGUCUGAUCCGCUGCACUACGCACGCGAGCGCCCUAGAAUCUCCCUGUGCUGUUUCAAUCUAUAUUUUCUGACCCCACACACUAUGUUAACCGUAGUAGGACGGCAG
96	0.31006279587745667	0.3115577697753906	20	4	2	2	2	2	0	300	CGAUGAUACAUAAUCCUGCCCUACUCGACUUCGGUAUCGACGAUUGCUUCAUUUUUGAACGCGCACUCUCACGAAGGUCCUGCUCUAGUAGGAUUGUGUCAGACAGCAAUUAAGUUAAGUCUAAUUGGUAGUCGACCUUCUUAAGCCUACCGCGGGAGUUUUGUAAAAUUACCUUUCGUUACCAGUUUUGGAUAGUAAGGAAUUUAUGUGCCUCACUAGUGUGACUAAGUGUUCCUGGCUCCAUUAGUCAGGAGUUAAAUAGGUUUGGGAGCAAUUUGUUCGUAGCAAAGUAGAUCGUUA
97	0.22242017090320587	0.22360248863697052	20	4	2	2	2	2	0	300	GGGAUACCACCGAUGCAAAUUUAAUAAACCUAAUGUAAUCAGUUCCGCAACCGUAGCUUUUUGACGAAUGGGUCCGCUAACAGGGGGCCUAUGGUUACAUACGAGUCGAGCUGAGGCUCCCGGGUCGGUCCACUCUUUCGUAAUGUGUCUGUCCUUCCGUAUAUAACAGACACACAAUCUUCACAUGUCCCACCCUGGUCACCUGGUUUCAUCUUAUAGAGAGGCGCCUAACCCUCACUGCGAGUGCUUCUUGCAACAGGACGCCUGUGUCGAGCACGGCGACGCUCAACAGGCGAGACC
98	0.30838239192962646	0.3093922734260559	20	4	2	2	2	2	0	300	AUAAGUCCGGGAUCAGGUGGUCUGGGUGCUAUCAGCGUUUACUGGCGAACAACGAUAAAGUAUGAGGGCGGCACCCUGAAUCCUCACGGGGGCGUCUUCCAGUUACGUGUGCCUGUCUGCUUAAAUAACCGUGCACUUAUAUUCAAUAUCUGUCAAUCCAACUCAAUUCAAGGGUUACCCGCAGACCAGAGUUCUAAUUAAAGACGGCGUUGAAUUCUAAAUUGGGCCUAAAUCAUGCCAGUUCGACCGAUGGAUGAUAGUCAGACACCCGGAGGAUGGUGAGUCACCUGGCCGAGCUGC
99	0.5613553524017334	0.5575757622718811	17	4	2	2	2	2	0	300	GGACUACCAACAGUAUAUGGGGGCCGCUGCGAUACGUUAUGUUCACAUCAUAGGAAUAGCGUACCCGUCCGCACCGCACGGAGCACGGUGACAGCGAUUAUGUUUUAUACGGCUGCGUUCCACGUGAUCAAGGUUAAGAAGACGUGUGUUUCCAUAGGACUCAACAGCUCCUUGUGUCAAAGCGGUAACUGAGGUUGUGCUAUGUAGAUCAUUGCUCAUAGCGUAUUGUACGGGGUCGUUAUCGCCAAUACGCAGCGCUAAACAAGUCGUUCUGGCGUCACUCGAAUAAAUGCAUACUCC
100	0.20784050226211548	0.20930233597755432	20	4	2	2	2	2	0	300	CCAAGAGAAUGAGGAACACCUAACGGUAUUGCUUCCGGGUAGCAAUUGAAAUGUAUCCUACUGGGCUGGUAUAGUCCGCAAUGGUACUUACACUUAACACUCGUUAAAGAUCCACAUAUGGUUACGUAAUUGCCCUUGACCGCCAAGAGGUAGGGGAUUGGGGCGAACUAGCCACGCUGACCUCAAUUACGCGUAUUGGUAAUAUACACCGUCCCUACUACUGCGUCUACAGUACUGGCUACUUUCUCUUAACCCGGAAAUGCAAACAUAUAGCUUGUAGAUCGACAAAGAUAAGAUCGC
101	0.15805520117282867	0.15950919687747955	20	4	2	2	2	2	0	300	AGGUCAACCGAUAAACCACAUGAUCCGGGUGGUUCCACUGCACCUGACUCGCGCAGAGACCCGAUUUGAUGCCGCCCGAGGGAUAGAACCGAGCCCCCAAAGCUUGGGGUCCCACACACUCACUAUGCAACUCACUCGAAGGUGCAACUUGCCCGUGUCACUAACCUAUCGCGGUGGCGGCGUGUAGUACAGGUCAGGGCUUUGGCAAACAGAUUCGACAGGGGAUGCCGGCCCGUUGACCCUUAUGACGCGGAGCGUCGCCCGGCCACAGACUCAUAGCCAGACGUUUUUUUCUCUUCA
102	0.4722590148448944	0.4705882668495178	19	4	2	2	2	2	0	300	GCGCUGUAUUGUCGUUAAUUGCAAUAUUCUGUUCAACCCCUUCGGGUAAGGACUCUGUGUCGCUGUAUAAAAAUAUAUCAGGACCCAGCAUUUUAAUCCUGUCGCUGUCGUUUCACGAUAGUGUAAGAUUCCUACGGGAUUAAUCAAACUACUCAAGUAUGAACCUGAGGCGAGACUCUUCAGCCACCCCCUCCCGACACAUUGCGGACUCCCAUGCCCCACUAGAACGCAUGUGGCAGAUUGGGAUAUCCACAUCUAUUCGUCUCCAACACCACGCGUGGGAAUAGAAGCGUACAACAG
103	0.47765982151031494	0.47852760553359985	18	4	2	2	2	2	0	300	CUCCAUACCUAUGGUUAUCAACACUAUUUCCGUCGAGCUUACGAGGGUAUAGAUGUCCUCUAGUUCGCUAUUUCACAUCUAAUCACACAGAGUGUGAUCAUAAUACUGACACCCUAGGCUCAAUCGGUGUCCCUCAGGCCUGCUAGUUCGGGUUACAAUACGAAGGACGAACAAAUGUUAAAUCAUGUAGCAGAUUUUGCGCGCCGCUAUGUGAAACUCUGGAUAUUGUAAAACAGCUGUAACAACUUGUUCUGGACUAAUUGUGGGACCAGCAACGCCAUUUAGUAGAUUGGCUGCCUG
104	0.5645878911018372	0.5654450058937073	20	4	2	2	2	2	0	300	GAUUUACUAGCUAGUCAUUGGAGAGACGAGCCGACAUCUACAUAAAGACCUCGACUCUGGGCUCUCUCGAUAUAUUGAGGCCGUCUUCACAGCGCAGCCCGGAGGUUCAGUGCCACGGAGAGGGACAUGUGACCCAUGAGCAAGUAUGGUGUCCCGAACGUACCAUGUCUUUGUGACGAAUUGAUCUGCUUCUAAUUCUUAGGUCUAGCGUCGUGCGCCGGGAGACCCGUCAUCAGUAACCUACUUCACGAAAUGGGUGGCAUGGAGGGGGAUGUUUAAGCGAGGUGAUAGGUUCGGGUG
105	0.388265997171402	0.3888888955116272	20	4	2	2	2	2	0	300	GCAUGGAGAGCCAACUGGGUCUGAUGUUCGGGGAGACCAGAGUUCCGCAAUGGCACCGCGAUGCACUCAUAGAGCUUGACACGCCUCCACCGAGCCCAGACACGACAAACCCCACUCGGGAGAGGGCCCUAAUGAACUUAACCGCAUCCACUAGUGUAAGAAUGCCAGGCUAGUAAGCGGGAACGACAGGGAAUCAGGCUUGCAUGAGCCUCUGCCGUUCCAUCCCCUUCGGAAGGUGAGGGAUGCGCCUAGGAAAGCUCCCCUAUUGGGCGGCGCCGCCAGCUACCUAUUGGAUUUAGC
106	0.2927728593349457	0.29378533363342285	20	4	2	2	2	2	0	300	ACGGUAGGGCAUGUUCCUCAAUUGGUCCACAACUGCGGUCUUAUCUGCAACAGUAACCGGCUUCCAAGCAUGGCGCUAAUUUUUGUUUUUCCUGAAGAGGAGAGCUCAGGGCCGGUGUAUGUUGAUCGCAGCUCCUCCGCGGGGCCGAAUCUCUAGCGUACCAAUCUCUGGGCAGUGCAUCCCCGCGGAACGGUCGAUGUUUUGAAACUUUGGAGCGUUUUUGUUAAGAUAGUUAAUUUUGCACAGCAGGGCUUAGGUAGCUACCCGUUUACGACCUGGGGACCCCCCAUCCUAGGCCUU
107	0.5637202858924866	0.5644171237945557	20	4	2	2	2	2	0	300	GAGGGUGCUUAAGGUAGAUAGAGUUGAACGCCAGAGCGCGUUGGAUCAGCAUCAGGAUCAAUAGACAAAAAGCUUAGGUGGCAUAAAUAGUGGAAAAAAGGAUCCAUUUACGGCCACUCCCGAAGCACAACCAGGCACAUUGAGCUUGAGCGUUCCUUGAGCAUCACUGUUCGCACGACAAAUCCAGUAGAAACCUUGCCAGCCCCCUCUUGGGUUAGCCGCCUUGAGGGCACCAGCCACGGAGCCAUAUACAAGGGUGGCCGGAGCACUGGCUGUGACGCAAUAAUCCAGGGGGAUACU
108	0.49895474314689636	0.5	20	4	2	2	2	2	0	300	UGGGAGUGGAACGCUACUAUCGGUUUUCUAGGUACAGUUGGGUGGAGUGUCCCCAUGCUACGCCAUCUAAACGACGUCCCCCAGAGGCGUCUGGGGCCUGCACCCUGUCCUGCAUCCACGAAUGUGCGCCGCCCGGGCGGGUAUAUUCCGGUCGCCGUGUAUUAUACCUAUUAAGAUCAACUCGAAGUGACGACGCAUCAGGUUCUGCGAUCAUUCAGACUCUCGUCAAGGAUAUGGGGAGGGUCUUGCUCGGACCCAUCAUCCUCCCUAUACGCACAGGAUGAUGAGUUAUUCGCCUAG
109	0.38681530952453613	0.3878788352012634	20	4	2	2	2	2	0	300	ACUUUGAGGGCACUUUCAGAGCUCAGAUGCCCGUUCAACAGAGAUGUCUAUUCCACCUCGUUAAAGGACUGAUAGGACCCAUAGCGUGCGCCAGGGUGUCAAUCGCGCGUUGGAUGAGACUGAUAGAGAACCGACUGCGUCCGUUACCGUUUAGGUUAAUAACAAAAAGCCGCUCAUCGGAAUCUGGCAACAAAUAACGAUUAUCGUGAUGAUCCAGUAAUGGGAGUCGAUGAACUAAUAAUACAUGCCCGGCGGAGCCAGAACAUCCAUCUUUAAUGCUCAACACCCCCCUGUCAGGAC
110	0.09298089891672134	0.09467455744743347	20	4	2	2	2	2	0	300	UUGGCACUUUUAGCUAUAGGCUUCACGACGCUGCCAGGAUAUCGAGGGAACAUGGCUGAGGACGACGCGCGGAACUCGUACGGUCGCCAGGUCGGCUCUAACAAGUCAGAGCCGUUGUAGUAUACCUCCUCCUGGUCCGCUUCGCCAGUAGUGGCUAUUAUCCUGGGCGUGUGUACCACACACGGUCGCUUUAUUUCGAGAAGUUGCGCCGCUGCACGAAAAAGUGGGGCAUUUCGUUCUGUUGCCCUUAUCAAGCUUCCCGCGGGCACGAAAAUAUAGGGCCUCUGAGAUUAUCCUAAA
111	0.2292313426733017	0.23030303418636322	20	4	2	2	2	2	0	300	UCAACGCGCAAGCUCCAACUUAGAGUUUGCCUGCCAGAUGUGAGUCCAACUACCAGUAAGUCCCGCAUAGGUGAACCCUUGUUUCAUGUUUGAGAUCCAGCGACCUUUUAGUUCGAGUGCUACAUCGAAGCACGAAGGAUCGCUCCGUCACUGUUGCUGUAAAUCCAGAAUGACCAUACAGGAAACUGAUCCGUACUGAUUGUGAUUACGAGGCUGGCUUUCGCAAUCCACGAUAGAGCGCGCGCGAGCCUCGGAGUAGCAGCCCUCCUUGCGAUUCGGCCCUGCCCUUUGUAGAGGCCC
112	0.5171026587486267	0.5181347131729126	20	4	2	2	2	2	0	300	GUUAAUGUGCUAGACCUCGUCAGUGUGUGAAUGCAGUGGUUUUUAGAGGGAUAGGGGGCACAAUUAGUAUGCAUCUUCACGAGACUAUGUCGGGAACGUGGGACAUUAUGUUUCCUGUCGCAACCCCUAAUCGUGUCGUCUCACAGAUGGGCUACCUAGACGGACUACUGAGCAAUGCGGCUGUCCGCGGGUAUCUUGCUCGGUGAUCCUACUUGCGGAGUCCAUGAAAUGGUACAUAUGUAUCCCUUGGCUACGGAGAGACCCCCCAACCCGUCAGGCCUGUUAGCACCGGAGCCGGGG
113	0.16414551436901093	0.1656050980091095	19	4	2	2	2	2	0	300	AAUCGCUACGCUUUAUCGAUGACCUCCAUGUCUUGAUCAUUGCUUAGAUGCGCAAGGCACAUUUUAUGCCGCGGUUCCACCAUCCUGUGUAUGGGGUAAAAGAGAUCUUAUCGUCCAAGCAACUCGUGGCGUAUCCGUUAACGACCCGCUGCACUAUCCUACCAUCAGUGGAACUUUCUAUACAUCUCAUCGAAGAUUCAAUAGGAAGCUUUCAACCCCAACCUAGUCAUAUGUUUUUCAGUGGCACUCUUUCUGAAGGCCCGGCUAUAUUCUGCGCACGUCUCUUUUCAAAAACAGAGC
114	0.3787020742893219	0.37988826632499695	20	4	2	2	2	2	0	300	AUACUAUGCGAGGCUCUGGAUAACUUUCACGUGUUAGCACGACGUGCUAAACGAAAAUCCAAGGCGGUCUUCAAUCCAGUAAAAGCGCACCUGCAGCACGCCUACUAUGGGAAAGUGCUAACCCUACUCCAAGUCGGUACAGUUGUUUGUUACGCAAGCUAGGACUUCAAAUUAUCAUGAUAGUAUAUCCAAGUCACAAGCUGGAAAGUCUCGCUGUGCUCGGCGACCGAAUUAGUCACUCAACGUACUGGCAAGCGCUUGGCGUAGUAACUCUACGUUAUCUUGGCGCCGAUCUGCUAC
115	0.09231998771429062	0.09424084424972534	20	4	2	2	2	2	0	300	CGCCGCAAAAACACCUACAGAGCGGUCUUGGGCCCGGUUGUGUAGUUACUCGUAAACCAAGAGAGUGGCCACUGUUGAGCUUUGGGGGAUGUGUGAUAUAGCUUGGGUCAGGUCGCCUUGACACCUUGUUAAAGAUUAUAGCAUACGGUCCCUGAUUCGGGGGUAAUUGGAUUCAGUACGACCGCUACCGAAGAGCCCCGAAAGAUAAGUGCCUAUGAUUGUUGAUCGCAUGACUGGGGUUUCCAUCUGGUUUAUCCCUCCAUUAAUUCCAUACCCUGGCUAUAGGUCCAAAUCCUGAAC
116	0.09905015677213669	0.10062893480062485	20	4	2	2	2	2	0	300	CUUACAAAAUUAUUACGGAAUACGGGCGGACCCUAGAGGUGGUGUUCUCUUUUUGGCAGACCGUAACGAACGUCUAAGACAUGAUCACCAAGAUGGAAAGUCUCGCAGCCCAGUCCAUAUCGUGAGUCGCUCGAGAGACACGUCAGUCAAACAUCAAUUUCUUCGAAUAAGACGCUGAUGAGCUAAUGUAGGAGCUCGGAGAGCUUGUGUGGCUCUGAUGUAUUCCCGAUCUACGCCCGAGCAAUAACGAGCCGAGCCCCAGUUCGAUCUUCUUAGCCGGUGGAACUCCAUCGUACCACA
117	0.3302581012248993	0.331428587436676	20	4	2	2	2	2	0	300	CGUACUUAUCGCCAUGAUGCCCUCAUAAGUAACUGGCGACGCAAGGACUCGGUACUACCGCGUUAAUCCAAUGCAGUUACGACCGACGCAAUCCUCGGCAGCACGAAAUACGUGCUCUCGAGGUCUUCCUCGUCCUUUAAACCACUAGGUGCAUGUCUUAUACUCCUAUUGGUCUAGCCAAAACGGACAUGGUAACUUAGCAGAGGCAAAGCUCAAUUUGGGGUUCGUAAGGGUCCCGUGCGUGACGCAUGGACACAUGGUGCUAACACGGCGGUUACUAUAGAAAGAAAUAAAUGAGAA
118	0.5217889547348022	0.5227272510528564	20	4	2	2	2	2	0	300	AUCAGUUUAAGCCGCCUUCCGCAGAAUCUGCAAUGCGACAUGUCGUGUAACGCGGCCAUGUCGGCGUGCAACAGCACUCAUUUGGAGGUCCGUGCAGCGGAGGCGCCAGGAGUCGGUGAAUCCCUGUAGCCGUUGUGGGAAAGUACCGUACGGAAUUGACGCUGUACUGUGAACCGCGUUUGCUAUAAUACAAAUUCAGGGGACCGGUCGCAGAAGCGAGAAUAGAACAUGAGACCAGAGCCAUAUGAUAUCGUCUCUGCGACCACCGUACUGCGACCCGUUGUUGCCGGAAUGGACCCU
119	0.08070412278175354	0.08235294371843338	20	4	2	2	2	2	0	300	CUGGCAUGGCGCCAGGUGUAAUUCCCGGGCCAAAGGACUGUACUAGAAGUAAACGCCCUAAGGGAUUUUUCCUCCAUGGUCGACGAAAAAAUCAACCUGGACACAGAAGACUGCGCCCUAUAUAACCCCUAUGAUGUCUUGUUGCACUCCAGCAUCACGGACAACACAAGAUCGAUAUGAGCAGGAUAAGCUCUAUCCGCGCCGGCACUACUAGAUUCAAGGGGUUACGCAGGCUGCGUGUAGCCAGCCCUGGUGAUAUGAGGACACUGACUCCGCCCUCGGGUCCCUAAUGGCUAGUCU
120	0.5403342247009277	0.5408805012702942	20	4	2	2	2	2	0	300	UGGGAACGCGGCCUCUACUUUUCCUACUACCAGCUCGGACCCUACACGGAGAGCUUGGAACCAACCUACCUCCACUGCCCCCGCGGCGACUGAGUUCUAAGGUCAUUAAAGUGUUGUAACACCAUAACGAGGGUCAGCGUAGCCACGGGAAAGUAUGGACAAAAAAACGAACGGACCAGCCCCGAUGGAUUGAAUACUAUAUUACUACGAUGCGGCGCAAUACUUCAAGAGGCCCCAGCGAUACUUUCCACGCAAUUUUGUCCUACUCCCACAAAGCCACGUGAUGUGGUGAUGGUGGUA
121	0.13100981712341309	0.1325301229953766	20	4	2	2	2	2	0	300	CGAACGGUCAGGUGAGUGGCGCUUCCCCCAAGGCACAAUUCCGCGCCUGAAAGGGCGUCCCUAGCCCGGUGCGAACUGUCACGAACAAUCCUUGUUAUGGUACCAUGGGUUCCAAGAAAAUCAUGGCAUUAUCAGUUUGUCAAUACUUAAAUUCUUGGUAUAUCUGCGGAUUUCUAGGGGAAUAGACUACAGAGUGGCUUACUUAGAGCAUUACGAGGGGGUAACUAUUUCGAGCCAGAACAGCAUAUAAAACUGCCUUCCAAGGUGACUGGCAUCAAAUCCUAUAAGAUAAUGUUCAGU
122	0.3675978183746338	0.3687151074409485	20	4	2	2	2	2	0	300	UGACGCGUACAGGGAAAUCUUUGACCUACCUCCAUAGUUCCAGUCCUUUCAACUGACGUUCGUGUGAAAUCAAACACGGGAACUUUAUAGUUCGAUGACCCCGAUAGCUGUACUGGUCUGGACACAUAGACCUUGGUGAAACGUGGGCAGCUACUAGUGUUCGUGGCGAGUUCGUAUGUGCGAGAUGGAGAUUUCGUUACAUCAAAGGAGUGGUGGAGAUCGGCCCCCAAGGACGGGAGAUAGGGACUCGGGCGGUAAUAUCGACACGAUAUCGCACGAUAGGGUCUUAAGUUAAUGUCG
123	0.16322387754917145	0.16470588743686676	20	4	2	2	2	2	0	300	ACACUGCACGGCCAAGGGACACCGCGAAGGAGUUUCCUCCCUGUCUCCUAUUACUUGUGAUCCGUGUUGUAUCCAAGAUGCUGGUCGUGGUUUGUACAACUGAAGUGACAUUUGAUAGGGAGGAUGGGUUGUGACUGAAAGAAGGCUGAGCGCAAUGGACCCCAAGGAACAGAACUCUGAUGCAGCGGGUUCAACAGAUCAUCCUAGAUAUUCGUCGUCUAUCGGACACAAGACCGGCCGAAUUCGGAAAUGGUAACCUCUAUCGUUCCAUACCCAACGUCCCGAAAGACACUAAAAACA
124	-0.0020096064545214176	0.0	20	4	2	2	2	2	0	300	UAUCAAGUUUACUUACUUGGUUCAUGAAAGCCUGCUAUUCUCCGGUGAUACCUUCUCGUAAUUGCGGUUUACACCCGUUCGUGAGGGCCAGGAGUAGCGUGAAUUGGCCAAGACGAAGCUGUGAUACUAGAAGUCUACUUCUUCAUUUGGAAAUAGCCAGUGCAUCAUAGCGUGACCGCUUCAAGUCUCCCUCUCGAGAAAACUAUUUGGACAGCAUGCAAAUCCUCGCUACUUACUGGAACGGGCACACGGUAAGUAGGAGUUUUACUAUAGAGGCCUGUCCACCACUAUCAGCCGUCC
125	0.3039516806602478	0.3050847351551056	20	4	2	2	2	2	0	300	GAAUCUUUUGCGAUUUGAUUCACAACUGAUAUUCAACAGUCAACUUUGUUCCCCUAUCCGGGUAUUAUAGCCAUAGGGCGCAUUCGGAUCUAUGCGCGCAAGAAUCACUAAGUUCCCACUGGUUGACUCACCCACGGGUCUUUCGGUUCCGAGCAGAUAACGCUGACCGGGGUUGUGACUCUUUGUACGCUUCGGACUUAAUCGCUAGGUUUAUAUGGCAUCUCCCUCCUGUCGCUGUUCAGCGUUGAGAUACUCCCCCCACUAUUGGCUCAAAAUUGGUACCAGGUUGGGAACAGCCUG
126	-0.002186994068324566	0.0	20	4	2	2	2	2	0	300	ACGCCUAGACACCGGGACAAACCUUAUCUAGAUGGAAGUUUCUACACCCCCAGUGUUCAUAUCGGCGUGGUAUCCGGACACGAAGGUAAACCAGCCUUCAACGUAGUGGGUCACUGGGACAGCGCUGCUUUCUGGUUUGCUACGCAUAGGCCCAUGAGGUACGUUCUGUACGGUGGGAAUCCAUCCACUGCCAUCCUUGUGAGUAGGCCUAUCGGCCGUGGGUAUUACACCGAGGAGUAGGACUGUUCUGGUUUACGUGACCGUCUACCAUAGUAGCGGAGCCUGAAGGUCCGCAAGUCU
127	0.18561109900474548	0.1871345043182373	20	4	2	2	2	2	0	300	UUCACAGAUCCGGUUUCACAAGCGGAGCGGGGAUUACUGCGUUGUACUUUAUAAGGUUUCCCAAAGUAUUUUGUGAAACACCCCAAUGUCCAUCAGGUGCAUUUCUACAAUUCUGUUGGAGAUCCUUGUUUAUCAUCAGAAAAGUUGAAGGGCUCCUUUGAGUCUCGCACUAAGGAUGUAGAUCACGAACCACAGGGUGUCGCCAACACCAUCGGUAUGCUGCUUGAAUCCAGGAGGCAGUAAUCAGAUAUAUUAAGACCCGUGCACGACACCGAGGAGGCCAUUAGAUGGAACAACAGC
128	0.18677818775177002	0.1879194676876068	18	4	2	2	2	2	0	300	CGGAGAGGGCAUGCGAGCGCCUCCCCUGAAAGCUGUUAUGGCAGAUCGACGCCCCCCAGUGUUACACUUGUCCCCUUGAACGCGGCCCUGACGUACCAUCCACCUAACUGGAUCUCCUGAGCGCCCCGCAGCAUAUACGCGAUCGAUUAUCACAAUGCACCCAUACCUUUCCACUCGAAACACCUACCUAGUCGCGUUACACUCUCGGCUAAAAGGGCGGUCCAAAAGGCCUCCCGGCGUCGGUCACGGGAAAAGACGGAACUUCUAUUUUCAAAAGGCUGUGUUGUUCGUGCGAUGAGU
129	0.08756610751152039	0.08938547968864441	20	4	2	2	2	2	0	300	CACUGGCUCCGUUCGGUCCGCUGAAUGGAUCUCAUUGCGGCUGUUAGAUAUAUUUCGUAUGUUCAGCAGGUCAAAACUUGAUGAUUGGAGCGGACGGGGCACAGAUUUUGUUUUCUUAGUUAAUGUUACCGCGUGCAUUUGGCCAUGCAUUAAGAUAACGGAAGGUACACAGGCCGGACAGCAGAUGCCAGCACGUAAGAGACAAUAACAUCCUUUAUAUUCUAACAAUUAUAAAUCCAACCAGGCUACGGCUGUUUCUCAGGCAGUAGUAUAUACGAUAACAAACCGAAUUAGGCGAUU
130	0.24851468205451965	0.25	20	4	2	2	2	2	0	300	UCACUCUAGGGAUGACCUGAGCUUUGCGGUACGAAUACGGCGAAUGAGGCAGAGGGGUCAUCCAGUCUGGCUGGAAUCCGAUAAUACGUAGGGCGGCGACCCCUGUGGAUGGUCCUGAAUGCCGGGGGUGACGUAGCGUCCGUGAGGUUAGUAAUUUUGGCUGCGGUAUUAUAACUCUGAUGAUUCUCCCGAACUAGCCUAUGCAUGCCGGGUCUACUGAAUCCUGGCGUGGGCAGCACGGUGAGCGAGACAGCAUCGAAUGAUAAGGUGUGUAAGUUGGGUUAAGGUGCUCCGCAAAAA
131	0.13010312616825104	0.1318681389093399	20	4	2	2	2	2	0	300	CCGGCAGUUUGGUCUAUUAUCCCCGGUGGACAACGAGCUAACGGUGUCUACCAUGCAUCGCACAGAACUUCCACGCCUCGCGUAUACCAUUCCCCACGACUGGCGGGAAGGCAUGGAUUACGGCUAGCCCGAACCAUGUUUGCAGGCUCGCGUCCCGUCCCGGACCCGUUGAUCCUAGAUCUGCAGUGCACGGCUUGGAGAGGGUUAAAAAGAGUCACUUCUGGAGGUAGCGCCCUGUCACGCAAGCAAACUCCGCGAAUAACCGCUCGGAUGAGGCUCGGUUCUAUCACUCCAUCAUAU
132	0.6699807047843933	0.6704545617103577	20	4	2	2	2	2	0	300	GUUGACAAGCCUUCAGACCGCACUAACCGCCGCGUUCAGGUCUCUGCUUCACAAGCAGGACCUGCUAUGCCUGCUUUUCCCAAAUAUCUCCUGAGCUAUUAUUGUGCACUGAAUUCAGAGUGAUUAAGGUAGACCGGUCUGGGCCAGUGUGACAGCAAGGUAGAUUUACCAACUAAAACGGUAUACUGAGUUGGUGGGCUCAUGGAGACCUUGGGAAAAACAAUGUGAGGGAGAUAAUAAGAAAGUCUAAGGCAAGCGGACAACAGAUGGGUAUAUGAGUUCCUAUGAUAUCUCUGCGCA
133	0.2969267666339874	0.2981366217136383	20	4	2	2	2	2	0	300	AAAUUCCUCCAUAAAGACUUAUUCCAGGCAGGCAGGGCGUACUCACCGCGUAGGACAACUCAGUGGUGGGUAGCGAGUGGUCCGGUCGACUUAGCGUCUGGGCCUGGCUUCAAUCUAUCAAUUAGUCGCAGUUACGCUAUUUAUCAGUAAUAAGGAACGCAUAUACAAACCGAUUGUAAGCUCUUAAAUUUCCGCAAGGAUUACAUCGAUCGAACUGGCAUGCCAAUCGUACGUAGAUCUGGAUAUAGUGUAAAGCACUAAUUUCCUUACACUAAUCGCUGUAGUGCCCCUACUGCGAAU
134	0.7755098938941956	0.7759562730789185	20	4	2	2	2	2	0	300	CUCUGGUGCGACACGGAUGUACUAUCUCGCUCUAGACUUGCCCAUAAUGACCCUGGGAAAUACCAGUUCUAGUCGAUCGACACAGUGGGUAUCUGGAGCCUUAGCUGCGACUGCGUGUAUUAAAAAGGGCGGUUCGGUUCAAGUCGGUUGAAUCUCGGACGCUAGUGGAAAGCUCUCAUCAGCUGUAUACUGAACACGCCAAGACAGACUUAUACUUACGUGCUCGGGGAGCUUGGGAUAUGGAUACCUGCGGUUAGAUGUAACGGUAGAGACGCGAACAUUAACGCGUUGAAUCACAUC
135	0.1204260066151619	0.12195122241973877	20	4	2	2	2	2	0	300	CAUCCUGGGUCUUGUGUACUACGGAGGGAAAUUAUAAGAUGAGUUAAUACAGCGGCUGUAGGACCAGUGCCGGAUCUUCACCGCACGCUCUAAUGAUACGGAGUAUUUGCGCAAUAGCUUGGAGCAAUAGGGGCGACUGACCUUAGAUGCCAGUCCCAGUGCGAUUGCCUGGUACUAUGGGGGGGGGGAGUUCAAGAGAAGACAUACACGGAGCAUGUAAGGGGAGGGGGGCAAGCUCAGGGCGAGGGCUCCCCCUAGAAUCGCGCACGCCUAAGGUUUGACCAAUCGGGGUAAAUACUG
136	0.8048291206359863	0.8050314784049988	20	4	2	2	2	2	0	300	GCCAUUUAACACACACGGCGACUAGGCAACGGAGCGCCUAUACCUGACGUUUGGUAUCUGCGAUAUCAUCAAGACCCAGCAUUUCUCCCUACCUGCCCAAGUUCUAGCUUAUCUACGAGCGCCCCAACCCCAUAACUCCAUGAUUUGUAUAUGGGGCCUAACCCAAAAGUGUGUGCCCUGUGUCCAUGGAAGAGUCGUUUCAGAAAAGAGUAAGAGGCCACAGGGUCGACUCUCGAAUCACGGGUUCCCAAGCAACGUUGGCCUACUAUAUUCGUUGACGAUUGGGGAGCGUUCGCCGAA
137	0.18618160486221313	0.1875	18	4	2	2	2	2	0	300	AUAAGACUCUCAUACCGGUUACAUGGACAUGUCCAGAAAAAAUCUUACAUCACUAGAGCACCGUGUAAGGUCUGCGUGUAGUACCCGUUGAUACAAGUUAUGUAUGCCCACAUAAGGAACGCUGUUGUUAUCCGCCCGCCAGCAGGGAACCAAUCUUACAUGACUACAACUGAACUUCGACAUUCUAGUAGAAUCCCGGGUAAGGACUCGACUAAGCAGAUAUGCCACACGUCCAUCUGACUUCCAGAUUUAGGCGGGCUGUCCUAUCGUCACCUUAGGUCCCUCGAGACAGGAGACUUG
138	0.040786828845739365	0.04278075322508812	20	4	2	2	2	2	0	300	AUUGACCGCAGGGGGCGGCGGGUGUUAAACUAGCCUCCUACACUCGAUCGUGGAGAUUAGUUGGACCUCAAUCACUUUCGGUCAUUCGUGAAUUAACCCAAUUUUAAUUUUGCACCUAGCUAGAUAUGUUGCCGAGACUCGGAGAGAAUGCCGCACGAAAGUUACAGCACUUCCGGGGGUAUAUUCAUGUACUCGAUAAAGGUGUCCAUUCAGUCUUCGUCUGGUUAAAAUUGACAUUGUGCGAACCUGGUCCCCCGUCGGAUGUGACUUCCGCGCGUCAGUAUCUGGUUUGAAGCCUUG
139	-0.001752458163537085	0.0	19	4	2	2	2	2	0	300	GGGGUACUUUCGCAGUGCACCUGCUCUCAGCAAACAGCCGAAUCUUCCCGGCCACCCCGUUGGCGCAUAUCUUCUAUCGACGUAUCCCUUGACGCAGGCGCAUUGCUGACUAUUACUCCAACGACACCCCACCGCGGGAGGCGCGAGAAAUAAGCUGCUAAACGUUUGUAGCCUCGAAAACACGCUAAUACAAUGGGGGUCAGAGGUCCACCACACUGCCAACGUAAGCAGAUUGAACAACGCGAAAUGAGUUAUCGGAAUAAUGGAAUGGCCUGGGGAUGCAAGAAAAUCUCGGGAAAC
140	0.2276061326265335	0.2275448888540268	20	4	2	2	2	2	0	300	CUUACGACAAUUCUUAGAAAAGAUACCUUGUAGGGAGACACUCCUCCGUGCAGACCAACACUGCUGGCUGUAUCUUGCUCAGACGUCCCUAAUAAACUAUGCCACGGCAACCAGGAAGCUUAGCUACUCAUAAAAUAGUUUAGGUGCUCCGGAGUCGUAGACCCUGGUCAAUUUCGCGAUGGACGGCUUAUUGAAGCGGCUUCGUGCACAACCUAGCUCCAUGUCUAGAGCCACCUCGCUCUAACAAGUCACGAACUUUUCCGUAUCGCUAUGGCCUACUCCCGCAAAUUGGUUGAUGGA
141	0.14213894307613373	0.14371258020401	20	4	2	2	2	2	0	300	GAUGCUGAAAGUUCGAAGAAAGUCCUACCCAGCAGUGUAUGCUGAGUUCCGAUCCUCCCAAGGACAGAAUUUGGGGGAUCGACACAAGCUGUCAGAAGACAGGUAGGCUUCGUGUUACUUCAUUACAGAGAUUAGGACCGAAACAACUACUCCCGGGAGCAAAACACUAUCAUCGUACCCCCGUUAUUAUUCGGUUACCACAGCUGCCCGUGCGGGUGAUACUCAUGAUUGACAUCUUGUAGAAUACAUCUCUAUCCGGGGCCGCCAGGAUUCGUAAGGCCCGGUACCACAACAGUCACC
142	0.43947634100914	0.4393063485622406	19	4	2	2	2	2	0	300	ACUUUAACUCUCGGAGGUGACGCCCUAACGCCACAAUACAAACUCCGAGGACUAACAAAAAUCCGCCAACAAUCUAGACAACUCAUAUUGUAUGCACUUGCUAGAUGUUUGUCGGAAUGGCCCCACUUAUAGUAAGAGCGCGGUAGUGGGGUUUAACUGAGAGGGUGGAUAAAUGAACCUUCCGAGGUGUGCUAUUCGAGGAGGUAUAUGGGAAAAUGCACGUCCUGUUCUUAUCCUCGGACCGUCAGUUAGCGGUAAUACGGUCCACGGACUUAAGGCAACCCGUCGGUACUUCCUCGU
143	-0.0019768616184592247	0.0	20	4	2	2	2	2	0	300	ACUUUAUCCGUAAUUUGAACAUAAGAGACGAGAUGUUUCAAUCGUGUCUUUACAUGAUUUGUUGACUGUGUCCCAUUUUCCCCUAAUUCAUGAGGACUAGAGGUAAGGGCACUACCGGUUGUACGAGGGAGUAGCGGCGUGAUCGUCCUCAUAUUUGUCAUGUACCCUAGGAUGAGUUGUAGGGAGCGUGGCGUUAUCCAAGACUCCCGCUGUGGCCGCUGAUACCAUAAUCGCGCUUACAUUUCCGGCCGUGGAACUGUGUGGUAUUCAAGCUAUCAGCCGGGGAUCCAGAACACCAAU
144	0.3457046449184418	0.3468208312988281	20	4	2	2	2	2	0	300	ACCCCGUGUUGAGGGGUAAAAGUCGAGCAACCAUUAAAGGUGGCACCAUAUUUGUUGUCCGUCAUGACGGGAACACGGUAGUGCAUAUAUGGAAAGGAGGACUCAUCAUGAAGCCGGGUCCGUCGCCUACACCGAAGCCGGCGUAUCAUUGGAGUCAGUACUUGCGGUGCUGACUCCCUUUCGUCCUUGGGGAUUCUAGUUGUACGUAUACCGCGCAUUGGAGGAUCGAAACGCAAUAGGCCACUAGCAGUAAUAAAGUGGCUAGUCUACUACAUCCCUCUGGCGACUGAUUGCCAAGCU
145	0.19732312858104706	0.1975308656692505	20	4	2	2	2	2	0	300	UAUUCAUCUGGUCGGAACGGAGGUCCUAUGCCCGUUAGCGCAAUUCGAGUAGGGUACAUGCACGAUGGUCAGCAGUGCUGGGGUUCUGGUAAUGUAUUUUUCACAACGUCACUUCCGGGGCGCGCAGCACGAGGCCCAGUGAUAAAUGGGUGAACAUAGGCCACACCUCAUUGCUCCUCGUCUAACCCCCGUCGCCUACUCUUCUAUCAUUCCUCAACAGAGAGAACACAGGGUCUACCUCGUUAUCGCCAAGUUAGCUGCCUGGGUCAUGGCUUAGAAUAACCCCGAGAUCAGCUGGGU
146	0.2919251322746277	0.2921348214149475	20	4	2	2	2	2	0	300	UUACAUGCAAUUAACAGUAUAAUAUCAAGCCCCUAGUCGUCAGUACUCGUCAUUUUAAAGCCGCUGAUUUCUAGUUUUAUCGUGAACAGUAGUUGUUGUAGUUGCCUGGGGAGCUGUCGUGGACUUUGUUAAGAUAGGAGCAUGCGAGAUCCUACAAAAUCUUAGGAAGAACGAGUGCAGCACGAUCUGUCGGCCUCACCAUCAGGGACUAAACAUACAAGUACGCUCUGGUUGGAGACCCGUUUAUCCACUAACACAUGAUAUCCAAUCAGGAAUACCGUUAGAGCCCCCCACAUGCGC
147	0.2614578604698181	0.26229509711265564	20	4	2	2	2	2	0	300	UAUAUAGUUCAUCCCGAACAUGCCUCACCAUUUGAUUCGAGGUCUCGUUCAGCUAAUCCAUCAGACUGCCAGAGUUUUGGGCCAAGACAGGACACGAGCAGCGUCUAUAACCUUCCUACAGGCUAUUAGGAAUUGGGAGGGAAGCCCGUAGAGUUCCUCAAUAGGGGGGUUCCGUCGCUCCAGGGACAGCUACUCUUACACAGGGAGCAUAGCCCACGGACAUUUUUUAUGUUCGAACUAAGGGCAUGGACCACCUCACAGUCCAGCACUAAGUGAGGGGACAACCUAGUUUUCUAUGUC
148	0.19646862149238586	0.1979166716337204	20	4	2	2	2	2	0	300	ACCUUCGGUGGAAAUCGCUGUUAAGGAUCAUAAUUUCGCGCUGCUUCUUGUUGUUGUAAGCCGUACUCGCGUCAGGGGGCGCGAGUGCUAUAUAGGUUUGUAUGCUCCGAUCUGCGAAUUGUUAGAACUUUAUGCCUGUUUAGUCAAUCUGAUCCUGCUUCUUACUAGAGAGUUCGAUGUAAUAGCAUUUAGCCCCAAGCACUGACUGGGACAAUUAAGCCAUAAGCGCUGGCGAGUGACAAGGCUCGACGGUAUCAGAAGACGUUUUAGCCUUUUCUCCACGCAGGAAGACAACGUUUA
149	0.46228262782096863	0.46327683329582214	20	4	2	2	2	2	0	300	CUACCCACACCUUCUGUUAGAUAUAACGCUCCUGGACCCGCAUGUCCAAACCCGUUGAGCGUCCAGUGCAGCACUAAUACAGCCAUUAGAGUACGCUCACCAUUAGUCCUUCCACAUCUGCCCGUACAGAGAUGUAAACUGGAAACGUCGAUGUUUUCCGAAGCGCUGAGCGGAAUCUCGUGAGGGCUGUAUACAGUGUCUCGUCAGCUGGAGUACCGCACCAGCCGGGUCCUCAGGCACAGUCUGACCUCCAGAAGUAGCUUCUACAGUGGGAAUGUGUGAUCCAACUGUGCCUUCCUU
150	0.3980892598628998	0.3978494703769684	17	4	2	2	2	2	0	300	UCAUCUGAAUUCCACAUAGAAUAUGUGUAGGUCAGUGUGUAUACGCUCUACACAAACGGCGAGGCGCAUGGCCGAGUUGAGGGUCAUUUGACCUCAGUCAAAUAUGGUCGAUAUUGUCGUAAAAAACCGAAAGAUAGCGAAUCAUUUUAGGAGUUUGAGAUUGACGUCGAUCGGGCAGCCUGGUCGGAUAGAUCACCGUGUACAAAAGGAUUACCCGAUCUCGUUGUUAGGGCGUAGACACACAUUCGAAUACAGGCUUCAGGUCCGGUGUAUUCACGUGAUGGCGCCUGGUUUAUUCAU
